-- phpMyAdmin SQL Dump
-- version 4.4.11
-- http://www.phpmyadmin.net
--
-- Host: localhost
-- Generation Time: 2016-04-04 16:28:38
-- 服务器版本： 5.5.48
-- PHP Version: 5.6.19

SET SQL_MODE = "NO_AUTO_VALUE_ON_ZERO";
SET time_zone = "+00:00";


/*!40101 SET @OLD_CHARACTER_SET_CLIENT=@@CHARACTER_SET_CLIENT */;
/*!40101 SET @OLD_CHARACTER_SET_RESULTS=@@CHARACTER_SET_RESULTS */;
/*!40101 SET @OLD_COLLATION_CONNECTION=@@COLLATION_CONNECTION */;
/*!40101 SET NAMES utf8mb4 */;

--
-- Database: `xuyang`
--

-- --------------------------------------------------------

--
-- 表的结构 `carousel`
--

CREATE TABLE IF NOT EXISTS `carousel` (
  `c_id` int(20) NOT NULL,
  `img_url` varchar(100) NOT NULL,
  `alink` varchar(100) NOT NULL,
  `n_id` int(20) NOT NULL COMMENT '对应导航的id'
) ENGINE=InnoDB AUTO_INCREMENT=9 DEFAULT CHARSET=utf8 COMMENT='轮播图';

--
-- 转存表中的数据 `carousel`
--

INSERT INTO `carousel` (`c_id`, `img_url`, `alink`, `n_id`) VALUES
(1, 'images/banner.png', 'http://www.qq.com', 1),
(2, 'images/banner.png', 'http://www.baidu.com', 1),
(3, 'images/banner.png', 'http://www.360.com', 1),
(4, 'images/banner-case.png', '#', 2),
(5, 'images/banner-productserver-detail.png', '#', 3),
(6, 'images/banner-case.png', '#', 4),
(7, 'images/banner-case.png', '#', 5),
(8, 'images/banner-news.png', '#', 23);

-- --------------------------------------------------------

--
-- 表的结构 `contact`
--

CREATE TABLE IF NOT EXISTS `contact` (
  `c_id` int(20) NOT NULL,
  `company_title` varchar(30) NOT NULL,
  `company_info` varchar(60) NOT NULL,
  `icon` varchar(40) NOT NULL
) ENGINE=InnoDB AUTO_INCREMENT=5 DEFAULT CHARSET=utf8;

--
-- 转存表中的数据 `contact`
--

INSERT INTO `contact` (`c_id`, `company_title`, `company_info`, `icon`) VALUES
(1, '地 址：', '广州市天河区燕岭路120号金燕大厦502', 'images/icon/detail_address.png'),
(2, '邮 箱：', '123456789@qq.com', 'images/icon/detail_mail.png'),
(3, '联系电话：', '440-009-9778', 'images/icon/detail_phone.png'),
(4, '传 真：', '1234567890', 'images/icon/detail_fax.png');

-- --------------------------------------------------------

--
-- 表的结构 `nav`
--

CREATE TABLE IF NOT EXISTS `nav` (
  `n_id` int(20) NOT NULL,
  `name` varchar(30) NOT NULL,
  `alink` varchar(30) NOT NULL,
  `fid` int(20) NOT NULL
) ENGINE=InnoDB AUTO_INCREMENT=27 DEFAULT CHARSET=utf8;

--
-- 转存表中的数据 `nav`
--

INSERT INTO `nav` (`n_id`, `name`, `alink`, `fid`) VALUES
(1, '首页', 'index.php', 0),
(2, '走进旭阳', '#', 0),
(3, '产品服务', '#', 0),
(4, '营养保健', '#', 0),
(5, '健康分享', '#', 0),
(6, '关于旭阳', 'aboutAs.php', 2),
(7, '联系旭阳', 'contact.php', 2),
(8, '销售网络', 'shopMap.php', 2),
(9, '招贤纳士', 'recruit.php', 2),
(10, '医疗器械', 'productserver-medical.php', 3),
(11, '按功效分类', 'health-list.php', 4),
(12, '矿物质', 'health-list.php', 4),
(13, '维生素', 'health-list.php', 4),
(14, '营养素', 'health-list.php', 4),
(15, '案例分享', 'case-share.php', 5),
(16, '轮椅助行', 'productserver-medical.php', 10),
(17, '日常护理', 'productserver-medical.php', 10),
(18, '检测', 'productserver-medical.php', 10),
(19, '中医理论', 'productserver-medical.php', 10),
(20, '关节护具', 'productserver-medical.php', 10),
(21, '康复', 'productserver-medical.php', 10),
(22, '其他', 'productserver-medical.php', 10),
(23, '新闻动态', 'news-list.php', 0),
(24, '生化武器', 'productserver-medical.php', 3),
(25, '很厉害的', '#', 24),
(26, '人肉武器', '#', 24);

-- --------------------------------------------------------

--
-- 表的结构 `news`
--

CREATE TABLE IF NOT EXISTS `news` (
  `nid` int(20) unsigned NOT NULL,
  `author_id` int(20) NOT NULL,
  `publish_date` timestamp NOT NULL DEFAULT CURRENT_TIMESTAMP ON UPDATE CURRENT_TIMESTAMP,
  `title` varchar(50) NOT NULL,
  `content` text NOT NULL,
  `img_url` varchar(100) NOT NULL,
  `ntid` int(20) NOT NULL
) ENGINE=InnoDB AUTO_INCREMENT=15 DEFAULT CHARSET=utf8;

--
-- 转存表中的数据 `news`
--

INSERT INTO `news` (`nid`, `author_id`, `publish_date`, `title`, `content`, `img_url`, `ntid`) VALUES
(1, 1, '2016-04-04 01:48:24', '蚌埠市旭阳医疗动漫科技分公司成立0', '1这里是内容这里是内容这里是内容这里是内容这里是内容这里是内容这里是内容这里是内容这里是内容这里是内容这里是内容这里是内容这里是内容这里是内容这里是内容这里是内容这里是内容这里是内容这里是内容这里是内容这里是内容这里是内容这里是内容这里是内容这里是内容这里是内容这里是内容这里是内容这里是内容这里是内容这里是内容这里是内容这里是内容这里是内容这里是内容这里是内容这里是内容这里是内容这里是内容这里是内容这里是内容这里是内容这里是内容这里是内容这里是内容这里是内容这里是内容这里是内容这里是内容这里是内容这里是内容这里是内容这里是内容这里是内容这里是内容这里是内容这里是内容这里是内容这里是内容这里是内容这里是内容这里是内容这里是内容这里是内容这里是内容这里是内容这里是内容这里是内容这里是内容这里是内容这里是内容这里是内容这里是内容这里是内容这里是内容这里是内容这里是内容这里是内容这里是内容这里是内容这里是内容这里是内容这里是内容这里是内容这里是内容这里是内容这里是内容', 'images/news-list.png', 4),
(2, 2, '2016-04-03 04:39:23', '蚌埠市旭阳医疗动漫科技分公司成立2', '22二二二二二二二二二二二二二二二二二二二二二二二二二二二二二二二二二二二二二二二二二二二二二二二二二二二二二二二二二二二二二二二二二二二二二二二二二二二二二二二二二二二二二二二二二二二二二二二二二二二二二二二二二二二二二二二二二二二二二二二二二二二二二二二二二二二二二二二二二二二二二二二二二二二二二二二二二二二二二二二二二二二二二二二二二二二二二二二二二二二二二二二二二二二二二二二二二二二二二二二二二二二二二二二二二二二二二二二二二二二二二二二二二二二二二二二二二二二二二二二二二二二二二二二二二二二二二二二二二二二二二二二二二二二二二二二二二二二二二二二二二二二二二二二二二二二二二二二二二二二二二二二二二二二二二二二二二二二二二二二二二二二二二二二二二二二二二二二二二二二二二二二二二二二二二二二二二二二二二二二二二二二二二二二二二二二二二二二二二二二二二二二二二二二二二二二二二二二二二二二二二二二二二二二二二二二二二二二二二二二二二二二二二二二二二二二二二二二二二二二二二二二二二二二二二二二二二二二二二二二二二二二二二二二二二二二二二二二二二二二二二二二二二二二二二二二二二二二二二二二二二', 'images/news-list.png', 3),
(3, 2, '2016-04-03 04:39:25', '旭阳新研发的医疗器械1', '  旭阳新研发的医疗器械1  旭阳新研发的医疗器械1  旭阳新研发的医疗器械1  旭阳新研发的医疗器械1  旭阳新研发的医疗器械1  旭阳新研发的医疗器械1  旭阳新研发的医疗器械1  旭阳新研发的医疗器械1  旭阳新研发的医疗器械1  旭阳新研发的医疗器械1  旭阳新研发的医疗器械1  旭阳新研发的医疗器械1  旭阳新研发的医疗器械1  旭阳新研发的医疗器械1  旭阳新研发的医疗器械1  旭阳新研发的医疗器械1', 'images/news03.png', 3),
(4, 2, '2016-04-03 04:39:28', '  旭阳医疗动漫科技分公司成立1', '    旭阳医疗动漫科技分公司成立1  旭阳医疗动漫科技分公司成立1  旭阳医疗动漫科技分公司成立1  旭阳医疗动漫科技分公司成立1  旭阳医疗动漫科技分公司成立1  旭阳医疗动漫科技分公司成立1  旭阳医疗动漫科技分公司成立1  旭阳医疗动漫科技分公司成立1  旭阳医疗动漫科技分公司成立1  旭阳医疗动漫科技分公司成立1  旭阳医疗动漫科技分公司成立1  旭阳医疗动漫科技分公司成立1  旭阳医疗动漫科技分公司成立1  旭阳医疗动漫科技分公司成立1  旭阳医疗动漫科技分公司成立1  旭阳医疗动漫科技分公司成立1  旭阳医疗动漫科技分公司成立1  旭阳医疗动漫科技分公司成立1  旭阳医疗动漫科技分公司成立1  旭阳医疗动漫科技分公司成立1  旭阳医疗动漫科技分公司成立1  旭阳医疗动漫科技分公司成立1', 'images/news01.png', 3),
(5, 2, '2016-03-31 12:27:31', '  旭阳医疗动漫科技分公司成立2', '  旭阳医疗动漫科技分公司成立2  旭阳医疗动漫科技分公司成立2  旭阳医疗动漫科技分公司成立2  旭阳医疗动漫科技分公司成立2  旭阳医疗动漫科技分公司成立2  旭阳医疗动漫科技分公司成立2  旭阳医疗动漫科技分公司成立2  旭阳医疗动漫科技分公司成立2  旭阳医疗动漫科技分公司成立2  旭阳医疗动漫科技分公司成立2  旭阳医疗动漫科技分公司成立2  旭阳医疗动漫科技分公司成立2  旭阳医疗动漫科技分公司成立2  旭阳医疗动漫科技分公司成立2', 'images/news01.png', 1),
(6, 3, '2016-03-31 12:27:31', '  旭阳医疗动漫科技分公司成立3', '  旭阳医疗动漫科技分公司成立3  旭阳医疗动漫科技分公司成立3  旭阳医疗动漫科技分公司成立3  旭阳医疗动漫科技分公司成立3  旭阳医疗动漫科技分公司成立3  旭阳医疗动漫科技分公司成立3  旭阳医疗动漫科技分公司成立3  旭阳医疗动漫科技分公司成立3  旭阳医疗动漫科技分公司成立3  旭阳医疗动漫科技分公司成立3  旭阳医疗动漫科技分公司成立3  旭阳医疗动漫科技分公司成立3  旭阳医疗动漫科技分公司成立3', 'images/news01.png', 1),
(9, 8, '2016-03-31 12:27:31', '旭阳新研发的医疗器械2', '旭阳新研发的医疗器械2旭阳新研发的医疗器械2旭阳新研发的医疗器械2旭阳新研发的医疗器械2旭阳新研发的医疗器械2旭阳新研发的医疗器械2旭阳新研发的医疗器械2旭阳新研发的医疗器械2旭阳新研发的医疗器械2旭阳新研发的医疗器械2旭阳新研发的医疗器械2旭阳新研发的医疗器械2旭阳新研发的医疗器械2旭阳新研发的医疗器械2旭阳新研发的医疗器械2旭阳新研发的医疗器械2', 'images/news03.png', 1),
(10, 5, '2016-03-31 12:27:31', '旭阳新研发的医疗器械3', '旭阳新研发的医疗器械3旭阳新研发的医疗器械3旭阳新研发的医疗器械3旭阳新研发的医疗器械3旭阳新研发的医疗器械3旭阳新研发的医疗器械3旭阳新研发的医疗器械3旭阳新研发的医疗器械3旭阳新研发的医疗器械3旭阳新研发的医疗器械3旭阳新研发的医疗器械3旭阳新研发的医疗器械3旭阳新研发的医疗器械3旭阳新研发的医疗器械3旭阳新研发的医疗器械3旭阳新研发的医疗器械3旭阳新研发的医疗器械3', 'images/news03.png', 1),
(11, 18, '2016-03-31 12:27:31', '旭阳新研发的医疗器械上市1', '旭阳新研发的医疗器械上市1旭阳新研发的医疗器械上市1旭阳新研发的医疗器械上市1旭阳新研发的医疗器械上市1旭阳新研发的医疗器械上市1旭阳新研发的医疗器械上市1旭阳新研发的医疗器械上市1旭阳新研发的医疗器械上市1旭阳新研发的医疗器械上市1旭阳新研发的医疗器械上市1旭阳新研发的医疗器械上市1', 'images/news02.png', 1),
(12, 68, '2016-03-31 12:27:31', '旭阳新研发的医疗器械上市2', '旭阳新研发的医疗器械上市2旭阳新研发的医疗器械上市2旭阳新研发的医疗器械上市2旭阳新研发的医疗器械上市2旭阳新研发的医疗器械上市2旭阳新研发的医疗器械上市2旭阳新研发的医疗器械上市2旭阳新研发的医疗器械上市2旭阳新研发的医疗器械上市2旭阳新研发的医疗器械上市2旭阳新研发的医疗器械上市2旭阳新研发的医疗器械上市2旭阳新研发的医疗器械上市2旭阳新研发的医疗器械上市2旭阳新研发的医疗器械上市2', 'images/news02.png', 1),
(13, 67, '2016-03-31 12:27:31', '蚌埠市旭阳医疗动漫科技分公司成立1', '蚌埠市旭阳医疗动漫科技分公司成立1蚌埠市旭阳医疗动漫科技分公司成立1蚌埠市旭阳医疗动漫科技分公司成立1蚌埠市旭阳医疗动漫科技分公司成立1蚌埠市旭阳医疗动漫科技分公司成立1蚌埠市旭阳医疗动漫科技分公司成立1蚌埠市旭阳医疗动漫科技分公司成立1蚌埠市旭阳医疗动漫科技分公司成立1蚌埠市旭阳医疗动漫科技分公司成立1蚌埠市旭阳医疗动漫科技分公司成立1蚌埠市旭阳医疗动漫科技分公司成立1蚌埠市旭阳医疗动漫科技分公司成立1蚌埠市旭阳医疗动漫科技分公司成立1', 'images/news-list.png', 1),
(14, 7, '2016-03-31 12:31:27', '测试一下喈', '测试一下喈测试一下喈测试一下喈测试一下喈测试一下喈测试一下喈测试一下喈测试一下喈测试一下喈测试一下喈测试一下喈测试一下喈测试一下喈测试一下喈测试一下喈测试一下喈测试一下喈测试一下喈测试一下喈测试一下喈测试一下喈测试一下喈测试一下喈测试一下喈测试一下喈测试一下喈测试一下喈测试一下喈测试一下喈测试一下喈测试一下喈测试一下喈', 'images/news03.png', 1);

-- --------------------------------------------------------

--
-- 表的结构 `news_type`
--

CREATE TABLE IF NOT EXISTS `news_type` (
  `ntid` int(20) unsigned NOT NULL,
  `typename` varchar(25) NOT NULL,
  `fid` int(20) NOT NULL
) ENGINE=InnoDB AUTO_INCREMENT=20 DEFAULT CHARSET=utf8;

--
-- 转存表中的数据 `news_type`
--

INSERT INTO `news_type` (`ntid`, `typename`, `fid`) VALUES
(1, '案例分享', 0),
(2, '新闻动态', 0),
(3, '维生素', 18),
(4, '矿物质', 18),
(5, '营养素', 18),
(6, '增强免疫力', 19),
(7, '辅助降血脂', 19),
(8, '辅助降血糖', 19),
(9, '抗氧化、延缓衰老', 19),
(10, '辅助改善记忆力 ', 19),
(11, '辅助降血压', 19),
(12, '抗辐射', 19),
(13, '减肥', 19),
(14, '增加骨密度', 19),
(15, '提高缺氧耐受力', 19),
(16, '促进排铅', 19),
(17, '改善睡眠', 19),
(18, '营养保健', 0),
(19, '按功效分类', 18);

-- --------------------------------------------------------

--
-- 表的结构 `product`
--

CREATE TABLE IF NOT EXISTS `product` (
  `p_id` int(20) NOT NULL,
  `title` varchar(30) NOT NULL,
  `content` text NOT NULL,
  `img_url` varchar(100) NOT NULL,
  `product_info` varchar(100) NOT NULL,
  `tag_id` int(20) NOT NULL,
  `saleservice` text NOT NULL COMMENT '售后服务'
) ENGINE=InnoDB AUTO_INCREMENT=299 DEFAULT CHARSET=utf8;

--
-- 转存表中的数据 `product`
--

INSERT INTO `product` (`p_id`, `title`, `content`, `img_url`, `product_info`, `tag_id`, `saleservice`) VALUES
(1, '电动升降床0', '', 'images/product02.png', '电动升降床0电动升降床0电动升降床0电动升降床0电动升降床0电动升降床0电动升降床0电动升降床0', 17, '售后服务是：电动升降床0电动升降床0电动升降床0电动升降床0电动升降床0电动升降床0电动升降床0电动升降床0'),
(2, '电动起立床2', '', 'images/product/product-01.png', '电动起立床2电动起立床2电动起立床2电动起立床2电动起立床2电动起立床2电动起立床2电动起立床2', 20, '售后服务是：电动起立床2电动起立床2电动起立床2电动起立床2电动起立床2电动起立床2电动起立床2电动起立床2'),
(3, '很厉害的床2', '', 'images/product03.png', '很厉害的床2很厉害的床2很厉害的床2很厉害的床2很厉害的床2很厉害的床2很厉害的床2很厉害的床2', 19, '售后服务是：很厉害的床2很厉害的床2很厉害的床2很厉害的床2很厉害的床2很厉害的床2很厉害的床2很厉害的床2'),
(4, '很厉害的床5', '', 'images/product04.png', '很厉害的床5很厉害的床5很厉害的床5很厉害的床5很厉害的床5很厉害的床5很厉害的床5很厉害的床5', 16, '售后服务是：很厉害的床5很厉害的床5很厉害的床5很厉害的床5很厉害的床5很厉害的床5很厉害的床5很厉害的床5'),
(5, '电动病床2', '', 'images/product02.png', '电动病床2电动病床2电动病床2电动病床2电动病床2电动病床2电动病床2电动病床2', 22, '售后服务是：电动病床2电动病床2电动病床2电动病床2电动病床2电动病床2电动病床2电动病床2'),
(6, '电动升降床4', '', 'images/product04.png', '电动升降床4电动升降床4电动升降床4电动升降床4电动升降床4电动升降床4电动升降床4电动升降床4', 18, '售后服务是：电动升降床4电动升降床4电动升降床4电动升降床4电动升降床4电动升降床4电动升降床4电动升降床4'),
(7, '多功能带便孔护理床2', '', 'images/product03.png', '多功能带便孔护理床2多功能带便孔护理床2多功能带便孔护理床2多功能带便孔护理床2多功能带便孔护理床2多功能带便孔护理床2多功能带便孔护理床2多功能带便孔护理床2', 17, '售后服务是：多功能带便孔护理床2多功能带便孔护理床2多功能带便孔护理床2多功能带便孔护理床2多功能带便孔护理床2多功能带便孔护理床2多功能带便孔护理床2多功能带便孔护理床2'),
(8, '很厉害的床3', '', 'images/product04.png', '很厉害的床3很厉害的床3很厉害的床3很厉害的床3很厉害的床3很厉害的床3很厉害的床3很厉害的床3', 16, '售后服务是：很厉害的床3很厉害的床3很厉害的床3很厉害的床3很厉害的床3很厉害的床3很厉害的床3很厉害的床3'),
(9, '超级悬吊系统2', '', 'images/product05.png', '超级悬吊系统2超级悬吊系统2超级悬吊系统2超级悬吊系统2超级悬吊系统2超级悬吊系统2超级悬吊系统2超级悬吊系统2', 17, '售后服务是：超级悬吊系统2超级悬吊系统2超级悬吊系统2超级悬吊系统2超级悬吊系统2超级悬吊系统2超级悬吊系统2超级悬吊系统2'),
(10, '电动升降床5', '', 'images/product/product-01.png', '电动升降床5电动升降床5电动升降床5电动升降床5电动升降床5电动升降床5电动升降床5电动升降床5', 18, '售后服务是：电动升降床5电动升降床5电动升降床5电动升降床5电动升降床5电动升降床5电动升降床5电动升降床5'),
(11, '很厉害的床5', '', 'images/product05.png', '很厉害的床5很厉害的床5很厉害的床5很厉害的床5很厉害的床5很厉害的床5很厉害的床5很厉害的床5', 17, '售后服务是：很厉害的床5很厉害的床5很厉害的床5很厉害的床5很厉害的床5很厉害的床5很厉害的床5很厉害的床5'),
(12, '电动起立床3', '', 'images/product/product-01.png', '电动起立床3电动起立床3电动起立床3电动起立床3电动起立床3电动起立床3电动起立床3电动起立床3', 18, '售后服务是：电动起立床3电动起立床3电动起立床3电动起立床3电动起立床3电动起立床3电动起立床3电动起立床3'),
(13, '多功能带便孔护理床4', '', 'images/product03.png', '多功能带便孔护理床4多功能带便孔护理床4多功能带便孔护理床4多功能带便孔护理床4多功能带便孔护理床4多功能带便孔护理床4多功能带便孔护理床4多功能带便孔护理床4', 17, '售后服务是：多功能带便孔护理床4多功能带便孔护理床4多功能带便孔护理床4多功能带便孔护理床4多功能带便孔护理床4多功能带便孔护理床4多功能带便孔护理床4多功能带便孔护理床4'),
(14, '很厉害的床5', '', 'images/product01.png', '很厉害的床5很厉害的床5很厉害的床5很厉害的床5很厉害的床5很厉害的床5很厉害的床5很厉害的床5', 16, '售后服务是：很厉害的床5很厉害的床5很厉害的床5很厉害的床5很厉害的床5很厉害的床5很厉害的床5很厉害的床5'),
(15, '很厉害的床3', '', 'images/product05.png', '很厉害的床3很厉害的床3很厉害的床3很厉害的床3很厉害的床3很厉害的床3很厉害的床3很厉害的床3', 22, '售后服务是：很厉害的床3很厉害的床3很厉害的床3很厉害的床3很厉害的床3很厉害的床3很厉害的床3很厉害的床3'),
(16, '电动升降床4', '', 'images/product02.png', '电动升降床4电动升降床4电动升降床4电动升降床4电动升降床4电动升降床4电动升降床4电动升降床4', 19, '售后服务是：电动升降床4电动升降床4电动升降床4电动升降床4电动升降床4电动升降床4电动升降床4电动升降床4'),
(17, '电动病床5', '', 'images/product/product-01.png', '电动病床5电动病床5电动病床5电动病床5电动病床5电动病床5电动病床5电动病床5', 21, '售后服务是：电动病床5电动病床5电动病床5电动病床5电动病床5电动病床5电动病床5电动病床5'),
(18, '超级悬吊系统2', '', 'images/product/product-01.png', '超级悬吊系统2超级悬吊系统2超级悬吊系统2超级悬吊系统2超级悬吊系统2超级悬吊系统2超级悬吊系统2超级悬吊系统2', 18, '售后服务是：超级悬吊系统2超级悬吊系统2超级悬吊系统2超级悬吊系统2超级悬吊系统2超级悬吊系统2超级悬吊系统2超级悬吊系统2'),
(19, '电动起立床3', '', 'images/product/product-01.png', '电动起立床3电动起立床3电动起立床3电动起立床3电动起立床3电动起立床3电动起立床3电动起立床3', 17, '售后服务是：电动起立床3电动起立床3电动起立床3电动起立床3电动起立床3电动起立床3电动起立床3电动起立床3'),
(20, '很厉害的床4', '', 'images/product01.png', '很厉害的床4很厉害的床4很厉害的床4很厉害的床4很厉害的床4很厉害的床4很厉害的床4很厉害的床4', 22, '售后服务是：很厉害的床4很厉害的床4很厉害的床4很厉害的床4很厉害的床4很厉害的床4很厉害的床4很厉害的床4'),
(21, '多功能带便孔护理床3', '', 'images/product02.png', '多功能带便孔护理床3多功能带便孔护理床3多功能带便孔护理床3多功能带便孔护理床3多功能带便孔护理床3多功能带便孔护理床3多功能带便孔护理床3多功能带便孔护理床3', 22, '售后服务是：多功能带便孔护理床3多功能带便孔护理床3多功能带便孔护理床3多功能带便孔护理床3多功能带便孔护理床3多功能带便孔护理床3多功能带便孔护理床3多功能带便孔护理床3'),
(22, '电动起立床3', '', 'images/product/product-01.png', '电动起立床3电动起立床3电动起立床3电动起立床3电动起立床3电动起立床3电动起立床3电动起立床3', 19, '售后服务是：电动起立床3电动起立床3电动起立床3电动起立床3电动起立床3电动起立床3电动起立床3电动起立床3'),
(23, '超级悬吊系统5', '', 'images/product04.png', '超级悬吊系统5超级悬吊系统5超级悬吊系统5超级悬吊系统5超级悬吊系统5超级悬吊系统5超级悬吊系统5超级悬吊系统5', 18, '售后服务是：超级悬吊系统5超级悬吊系统5超级悬吊系统5超级悬吊系统5超级悬吊系统5超级悬吊系统5超级悬吊系统5超级悬吊系统5'),
(24, '超级悬吊系统4', '', 'images/product04.png', '超级悬吊系统4超级悬吊系统4超级悬吊系统4超级悬吊系统4超级悬吊系统4超级悬吊系统4超级悬吊系统4超级悬吊系统4', 19, '售后服务是：超级悬吊系统4超级悬吊系统4超级悬吊系统4超级悬吊系统4超级悬吊系统4超级悬吊系统4超级悬吊系统4超级悬吊系统4'),
(25, '电动病床5', '', 'images/product04.png', '电动病床5电动病床5电动病床5电动病床5电动病床5电动病床5电动病床5电动病床5', 22, '售后服务是：电动病床5电动病床5电动病床5电动病床5电动病床5电动病床5电动病床5电动病床5'),
(26, '电动病床4', '', 'images/product05.png', '电动病床4电动病床4电动病床4电动病床4电动病床4电动病床4电动病床4电动病床4', 20, '售后服务是：电动病床4电动病床4电动病床4电动病床4电动病床4电动病床4电动病床4电动病床4'),
(27, '电动起立床5', '', 'images/product/product-01.png', '电动起立床5电动起立床5电动起立床5电动起立床5电动起立床5电动起立床5电动起立床5电动起立床5', 20, '售后服务是：电动起立床5电动起立床5电动起立床5电动起立床5电动起立床5电动起立床5电动起立床5电动起立床5'),
(28, '多功能带便孔护理床2', '', 'images/product03.png', '多功能带便孔护理床2多功能带便孔护理床2多功能带便孔护理床2多功能带便孔护理床2多功能带便孔护理床2多功能带便孔护理床2多功能带便孔护理床2多功能带便孔护理床2', 18, '售后服务是：多功能带便孔护理床2多功能带便孔护理床2多功能带便孔护理床2多功能带便孔护理床2多功能带便孔护理床2多功能带便孔护理床2多功能带便孔护理床2多功能带便孔护理床2'),
(29, '超级悬吊系统2', '', 'images/product01.png', '超级悬吊系统2超级悬吊系统2超级悬吊系统2超级悬吊系统2超级悬吊系统2超级悬吊系统2超级悬吊系统2超级悬吊系统2', 18, '售后服务是：超级悬吊系统2超级悬吊系统2超级悬吊系统2超级悬吊系统2超级悬吊系统2超级悬吊系统2超级悬吊系统2超级悬吊系统2'),
(30, '电动升降床4', '', 'images/product02.png', '电动升降床4电动升降床4电动升降床4电动升降床4电动升降床4电动升降床4电动升降床4电动升降床4', 16, '售后服务是：电动升降床4电动升降床4电动升降床4电动升降床4电动升降床4电动升降床4电动升降床4电动升降床4'),
(31, '电动起立床3', '', 'images/product01.png', '电动起立床3电动起立床3电动起立床3电动起立床3电动起立床3电动起立床3电动起立床3电动起立床3', 22, '售后服务是：电动起立床3电动起立床3电动起立床3电动起立床3电动起立床3电动起立床3电动起立床3电动起立床3'),
(32, '超级悬吊系统3', '', 'images/product02.png', '超级悬吊系统3超级悬吊系统3超级悬吊系统3超级悬吊系统3超级悬吊系统3超级悬吊系统3超级悬吊系统3超级悬吊系统3', 20, '售后服务是：超级悬吊系统3超级悬吊系统3超级悬吊系统3超级悬吊系统3超级悬吊系统3超级悬吊系统3超级悬吊系统3超级悬吊系统3'),
(33, '多功能带便孔护理床5', '', 'images/product01.png', '多功能带便孔护理床5多功能带便孔护理床5多功能带便孔护理床5多功能带便孔护理床5多功能带便孔护理床5多功能带便孔护理床5多功能带便孔护理床5多功能带便孔护理床5', 21, '售后服务是：多功能带便孔护理床5多功能带便孔护理床5多功能带便孔护理床5多功能带便孔护理床5多功能带便孔护理床5多功能带便孔护理床5多功能带便孔护理床5多功能带便孔护理床5'),
(34, '电动病床2', '', 'images/product04.png', '电动病床2电动病床2电动病床2电动病床2电动病床2电动病床2电动病床2电动病床2', 19, '售后服务是：电动病床2电动病床2电动病床2电动病床2电动病床2电动病床2电动病床2电动病床2'),
(35, '电动病床4', '', 'images/product03.png', '电动病床4电动病床4电动病床4电动病床4电动病床4电动病床4电动病床4电动病床4', 20, '售后服务是：电动病床4电动病床4电动病床4电动病床4电动病床4电动病床4电动病床4电动病床4'),
(36, '电动病床2', '', 'images/product04.png', '电动病床2电动病床2电动病床2电动病床2电动病床2电动病床2电动病床2电动病床2', 17, '售后服务是：电动病床2电动病床2电动病床2电动病床2电动病床2电动病床2电动病床2电动病床2'),
(37, '电动病床5', '', 'images/product01.png', '电动病床5电动病床5电动病床5电动病床5电动病床5电动病床5电动病床5电动病床5', 20, '售后服务是：电动病床5电动病床5电动病床5电动病床5电动病床5电动病床5电动病床5电动病床5'),
(38, '电动起立床2', '', 'images/product/product-01.png', '电动起立床2电动起立床2电动起立床2电动起立床2电动起立床2电动起立床2电动起立床2电动起立床2', 22, '售后服务是：电动起立床2电动起立床2电动起立床2电动起立床2电动起立床2电动起立床2电动起立床2电动起立床2'),
(39, '超级悬吊系统5', '', 'images/product/product-01.png', '超级悬吊系统5超级悬吊系统5超级悬吊系统5超级悬吊系统5超级悬吊系统5超级悬吊系统5超级悬吊系统5超级悬吊系统5', 18, '售后服务是：超级悬吊系统5超级悬吊系统5超级悬吊系统5超级悬吊系统5超级悬吊系统5超级悬吊系统5超级悬吊系统5超级悬吊系统5'),
(40, '电动病床4', '', 'images/product/product-01.png', '电动病床4电动病床4电动病床4电动病床4电动病床4电动病床4电动病床4电动病床4', 21, '售后服务是：电动病床4电动病床4电动病床4电动病床4电动病床4电动病床4电动病床4电动病床4'),
(41, '多功能带便孔护理床4', '', 'images/product01.png', '多功能带便孔护理床4多功能带便孔护理床4多功能带便孔护理床4多功能带便孔护理床4多功能带便孔护理床4多功能带便孔护理床4多功能带便孔护理床4多功能带便孔护理床4', 19, '售后服务是：多功能带便孔护理床4多功能带便孔护理床4多功能带便孔护理床4多功能带便孔护理床4多功能带便孔护理床4多功能带便孔护理床4多功能带便孔护理床4多功能带便孔护理床4'),
(42, '电动升降床2', '', 'images/product04.png', '电动升降床2电动升降床2电动升降床2电动升降床2电动升降床2电动升降床2电动升降床2电动升降床2', 16, '售后服务是：电动升降床2电动升降床2电动升降床2电动升降床2电动升降床2电动升降床2电动升降床2电动升降床2'),
(43, '电动起立床3', '', 'images/product/product-01.png', '电动起立床3电动起立床3电动起立床3电动起立床3电动起立床3电动起立床3电动起立床3电动起立床3', 22, '售后服务是：电动起立床3电动起立床3电动起立床3电动起立床3电动起立床3电动起立床3电动起立床3电动起立床3'),
(44, '超级悬吊系统4', '', 'images/product04.png', '超级悬吊系统4超级悬吊系统4超级悬吊系统4超级悬吊系统4超级悬吊系统4超级悬吊系统4超级悬吊系统4超级悬吊系统4', 19, '售后服务是：超级悬吊系统4超级悬吊系统4超级悬吊系统4超级悬吊系统4超级悬吊系统4超级悬吊系统4超级悬吊系统4超级悬吊系统4'),
(45, '很厉害的床2', '', 'images/product05.png', '很厉害的床2很厉害的床2很厉害的床2很厉害的床2很厉害的床2很厉害的床2很厉害的床2很厉害的床2', 22, '售后服务是：很厉害的床2很厉害的床2很厉害的床2很厉害的床2很厉害的床2很厉害的床2很厉害的床2很厉害的床2'),
(46, '很厉害的床4', '', 'images/product05.png', '很厉害的床4很厉害的床4很厉害的床4很厉害的床4很厉害的床4很厉害的床4很厉害的床4很厉害的床4', 21, '售后服务是：很厉害的床4很厉害的床4很厉害的床4很厉害的床4很厉害的床4很厉害的床4很厉害的床4很厉害的床4'),
(47, '电动升降床5', '', 'images/product03.png', '电动升降床5电动升降床5电动升降床5电动升降床5电动升降床5电动升降床5电动升降床5电动升降床5', 20, '售后服务是：电动升降床5电动升降床5电动升降床5电动升降床5电动升降床5电动升降床5电动升降床5电动升降床5'),
(48, '多功能带便孔护理床5', '', 'images/product04.png', '多功能带便孔护理床5多功能带便孔护理床5多功能带便孔护理床5多功能带便孔护理床5多功能带便孔护理床5多功能带便孔护理床5多功能带便孔护理床5多功能带便孔护理床5', 17, '售后服务是：多功能带便孔护理床5多功能带便孔护理床5多功能带便孔护理床5多功能带便孔护理床5多功能带便孔护理床5多功能带便孔护理床5多功能带便孔护理床5多功能带便孔护理床5'),
(49, '电动病床4', '', 'images/product03.png', '电动病床4电动病床4电动病床4电动病床4电动病床4电动病床4电动病床4电动病床4', 21, '售后服务是：电动病床4电动病床4电动病床4电动病床4电动病床4电动病床4电动病床4电动病床4'),
(50, '多功能带便孔护理床2', '', 'images/product03.png', '多功能带便孔护理床2多功能带便孔护理床2多功能带便孔护理床2多功能带便孔护理床2多功能带便孔护理床2多功能带便孔护理床2多功能带便孔护理床2多功能带便孔护理床2', 22, '售后服务是：多功能带便孔护理床2多功能带便孔护理床2多功能带便孔护理床2多功能带便孔护理床2多功能带便孔护理床2多功能带便孔护理床2多功能带便孔护理床2多功能带便孔护理床2'),
(51, '电动病床2', '', 'images/product/product-01.png', '电动病床2电动病床2电动病床2电动病床2电动病床2电动病床2电动病床2电动病床2', 17, '售后服务是：电动病床2电动病床2电动病床2电动病床2电动病床2电动病床2电动病床2电动病床2'),
(52, '多功能带便孔护理床3', '', 'images/product/product-01.png', '多功能带便孔护理床3多功能带便孔护理床3多功能带便孔护理床3多功能带便孔护理床3多功能带便孔护理床3多功能带便孔护理床3多功能带便孔护理床3多功能带便孔护理床3', 16, '售后服务是：多功能带便孔护理床3多功能带便孔护理床3多功能带便孔护理床3多功能带便孔护理床3多功能带便孔护理床3多功能带便孔护理床3多功能带便孔护理床3多功能带便孔护理床3'),
(53, '很厉害的床2', '', 'images/product04.png', '很厉害的床2很厉害的床2很厉害的床2很厉害的床2很厉害的床2很厉害的床2很厉害的床2很厉害的床2', 21, '售后服务是：很厉害的床2很厉害的床2很厉害的床2很厉害的床2很厉害的床2很厉害的床2很厉害的床2很厉害的床2'),
(54, '多功能带便孔护理床5', '', 'images/product02.png', '多功能带便孔护理床5多功能带便孔护理床5多功能带便孔护理床5多功能带便孔护理床5多功能带便孔护理床5多功能带便孔护理床5多功能带便孔护理床5多功能带便孔护理床5', 19, '售后服务是：多功能带便孔护理床5多功能带便孔护理床5多功能带便孔护理床5多功能带便孔护理床5多功能带便孔护理床5多功能带便孔护理床5多功能带便孔护理床5多功能带便孔护理床5'),
(55, '电动起立床3', '', 'images/product/product-01.png', '电动起立床3电动起立床3电动起立床3电动起立床3电动起立床3电动起立床3电动起立床3电动起立床3', 17, '售后服务是：电动起立床3电动起立床3电动起立床3电动起立床3电动起立床3电动起立床3电动起立床3电动起立床3'),
(56, '电动起立床5', '', 'images/product02.png', '电动起立床5电动起立床5电动起立床5电动起立床5电动起立床5电动起立床5电动起立床5电动起立床5', 22, '售后服务是：电动起立床5电动起立床5电动起立床5电动起立床5电动起立床5电动起立床5电动起立床5电动起立床5'),
(57, '电动病床2', '', 'images/product04.png', '电动病床2电动病床2电动病床2电动病床2电动病床2电动病床2电动病床2电动病床2', 22, '售后服务是：电动病床2电动病床2电动病床2电动病床2电动病床2电动病床2电动病床2电动病床2'),
(58, '电动起立床4', '', 'images/product/product-01.png', '电动起立床4电动起立床4电动起立床4电动起立床4电动起立床4电动起立床4电动起立床4电动起立床4', 22, '售后服务是：电动起立床4电动起立床4电动起立床4电动起立床4电动起立床4电动起立床4电动起立床4电动起立床4'),
(59, '电动升降床4', '', 'images/product02.png', '电动升降床4电动升降床4电动升降床4电动升降床4电动升降床4电动升降床4电动升降床4电动升降床4', 17, '售后服务是：电动升降床4电动升降床4电动升降床4电动升降床4电动升降床4电动升降床4电动升降床4电动升降床4'),
(60, '超级悬吊系统4', '', 'images/product01.png', '超级悬吊系统4超级悬吊系统4超级悬吊系统4超级悬吊系统4超级悬吊系统4超级悬吊系统4超级悬吊系统4超级悬吊系统4', 17, '售后服务是：超级悬吊系统4超级悬吊系统4超级悬吊系统4超级悬吊系统4超级悬吊系统4超级悬吊系统4超级悬吊系统4超级悬吊系统4'),
(61, '超级悬吊系统2', '', 'images/product01.png', '超级悬吊系统2超级悬吊系统2超级悬吊系统2超级悬吊系统2超级悬吊系统2超级悬吊系统2超级悬吊系统2超级悬吊系统2', 22, '售后服务是：超级悬吊系统2超级悬吊系统2超级悬吊系统2超级悬吊系统2超级悬吊系统2超级悬吊系统2超级悬吊系统2超级悬吊系统2'),
(62, '电动升降床5', '', 'images/product/product-01.png', '电动升降床5电动升降床5电动升降床5电动升降床5电动升降床5电动升降床5电动升降床5电动升降床5', 21, '售后服务是：电动升降床5电动升降床5电动升降床5电动升降床5电动升降床5电动升降床5电动升降床5电动升降床5'),
(63, '很厉害的床3', '', 'images/product04.png', '很厉害的床3很厉害的床3很厉害的床3很厉害的床3很厉害的床3很厉害的床3很厉害的床3很厉害的床3', 20, '售后服务是：很厉害的床3很厉害的床3很厉害的床3很厉害的床3很厉害的床3很厉害的床3很厉害的床3很厉害的床3'),
(64, '很厉害的床5', '', 'images/product02.png', '很厉害的床5很厉害的床5很厉害的床5很厉害的床5很厉害的床5很厉害的床5很厉害的床5很厉害的床5', 20, '售后服务是：很厉害的床5很厉害的床5很厉害的床5很厉害的床5很厉害的床5很厉害的床5很厉害的床5很厉害的床5'),
(65, '超级悬吊系统4', '', 'images/product01.png', '超级悬吊系统4超级悬吊系统4超级悬吊系统4超级悬吊系统4超级悬吊系统4超级悬吊系统4超级悬吊系统4超级悬吊系统4', 16, '售后服务是：超级悬吊系统4超级悬吊系统4超级悬吊系统4超级悬吊系统4超级悬吊系统4超级悬吊系统4超级悬吊系统4超级悬吊系统4'),
(66, '很厉害的床2', '', 'images/product01.png', '很厉害的床2很厉害的床2很厉害的床2很厉害的床2很厉害的床2很厉害的床2很厉害的床2很厉害的床2', 17, '售后服务是：很厉害的床2很厉害的床2很厉害的床2很厉害的床2很厉害的床2很厉害的床2很厉害的床2很厉害的床2'),
(67, '多功能带便孔护理床4', '', 'images/product01.png', '多功能带便孔护理床4多功能带便孔护理床4多功能带便孔护理床4多功能带便孔护理床4多功能带便孔护理床4多功能带便孔护理床4多功能带便孔护理床4多功能带便孔护理床4', 21, '售后服务是：多功能带便孔护理床4多功能带便孔护理床4多功能带便孔护理床4多功能带便孔护理床4多功能带便孔护理床4多功能带便孔护理床4多功能带便孔护理床4多功能带便孔护理床4'),
(68, '多功能带便孔护理床3', '', 'images/product03.png', '多功能带便孔护理床3多功能带便孔护理床3多功能带便孔护理床3多功能带便孔护理床3多功能带便孔护理床3多功能带便孔护理床3多功能带便孔护理床3多功能带便孔护理床3', 16, '售后服务是：多功能带便孔护理床3多功能带便孔护理床3多功能带便孔护理床3多功能带便孔护理床3多功能带便孔护理床3多功能带便孔护理床3多功能带便孔护理床3多功能带便孔护理床3'),
(69, '电动起立床4', '', 'images/product05.png', '电动起立床4电动起立床4电动起立床4电动起立床4电动起立床4电动起立床4电动起立床4电动起立床4', 16, '售后服务是：电动起立床4电动起立床4电动起立床4电动起立床4电动起立床4电动起立床4电动起立床4电动起立床4'),
(70, '很厉害的床5', '', 'images/product05.png', '很厉害的床5很厉害的床5很厉害的床5很厉害的床5很厉害的床5很厉害的床5很厉害的床5很厉害的床5', 18, '售后服务是：很厉害的床5很厉害的床5很厉害的床5很厉害的床5很厉害的床5很厉害的床5很厉害的床5很厉害的床5'),
(71, '电动起立床5', '', 'images/product03.png', '电动起立床5电动起立床5电动起立床5电动起立床5电动起立床5电动起立床5电动起立床5电动起立床5', 21, '售后服务是：电动起立床5电动起立床5电动起立床5电动起立床5电动起立床5电动起立床5电动起立床5电动起立床5'),
(72, '电动病床4', '', 'images/product02.png', '电动病床4电动病床4电动病床4电动病床4电动病床4电动病床4电动病床4电动病床4', 22, '售后服务是：电动病床4电动病床4电动病床4电动病床4电动病床4电动病床4电动病床4电动病床4'),
(73, '电动起立床4', '', 'images/product/product-01.png', '电动起立床4电动起立床4电动起立床4电动起立床4电动起立床4电动起立床4电动起立床4电动起立床4', 17, '售后服务是：电动起立床4电动起立床4电动起立床4电动起立床4电动起立床4电动起立床4电动起立床4电动起立床4'),
(74, '很厉害的床3', '', 'images/product03.png', '很厉害的床3很厉害的床3很厉害的床3很厉害的床3很厉害的床3很厉害的床3很厉害的床3很厉害的床3', 16, '售后服务是：很厉害的床3很厉害的床3很厉害的床3很厉害的床3很厉害的床3很厉害的床3很厉害的床3很厉害的床3'),
(75, '很厉害的床2', '', 'images/product03.png', '很厉害的床2很厉害的床2很厉害的床2很厉害的床2很厉害的床2很厉害的床2很厉害的床2很厉害的床2', 22, '售后服务是：很厉害的床2很厉害的床2很厉害的床2很厉害的床2很厉害的床2很厉害的床2很厉害的床2很厉害的床2'),
(76, '多功能带便孔护理床2', '', 'images/product/product-01.png', '多功能带便孔护理床2多功能带便孔护理床2多功能带便孔护理床2多功能带便孔护理床2多功能带便孔护理床2多功能带便孔护理床2多功能带便孔护理床2多功能带便孔护理床2', 21, '售后服务是：多功能带便孔护理床2多功能带便孔护理床2多功能带便孔护理床2多功能带便孔护理床2多功能带便孔护理床2多功能带便孔护理床2多功能带便孔护理床2多功能带便孔护理床2'),
(77, '电动升降床5', '', 'images/product01.png', '电动升降床5电动升降床5电动升降床5电动升降床5电动升降床5电动升降床5电动升降床5电动升降床5', 19, '售后服务是：电动升降床5电动升降床5电动升降床5电动升降床5电动升降床5电动升降床5电动升降床5电动升降床5'),
(78, '很厉害的床4', '', 'images/product01.png', '很厉害的床4很厉害的床4很厉害的床4很厉害的床4很厉害的床4很厉害的床4很厉害的床4很厉害的床4', 16, '售后服务是：很厉害的床4很厉害的床4很厉害的床4很厉害的床4很厉害的床4很厉害的床4很厉害的床4很厉害的床4'),
(79, '多功能带便孔护理床4', '', 'images/product01.png', '多功能带便孔护理床4多功能带便孔护理床4多功能带便孔护理床4多功能带便孔护理床4多功能带便孔护理床4多功能带便孔护理床4多功能带便孔护理床4多功能带便孔护理床4', 18, '售后服务是：多功能带便孔护理床4多功能带便孔护理床4多功能带便孔护理床4多功能带便孔护理床4多功能带便孔护理床4多功能带便孔护理床4多功能带便孔护理床4多功能带便孔护理床4'),
(80, '超级悬吊系统3', '', 'images/product05.png', '超级悬吊系统3超级悬吊系统3超级悬吊系统3超级悬吊系统3超级悬吊系统3超级悬吊系统3超级悬吊系统3超级悬吊系统3', 22, '售后服务是：超级悬吊系统3超级悬吊系统3超级悬吊系统3超级悬吊系统3超级悬吊系统3超级悬吊系统3超级悬吊系统3超级悬吊系统3'),
(81, '超级悬吊系统3', '', 'images/product05.png', '超级悬吊系统3超级悬吊系统3超级悬吊系统3超级悬吊系统3超级悬吊系统3超级悬吊系统3超级悬吊系统3超级悬吊系统3', 16, '售后服务是：超级悬吊系统3超级悬吊系统3超级悬吊系统3超级悬吊系统3超级悬吊系统3超级悬吊系统3超级悬吊系统3超级悬吊系统3'),
(82, '电动病床4', '', 'images/product01.png', '电动病床4电动病床4电动病床4电动病床4电动病床4电动病床4电动病床4电动病床4', 21, '售后服务是：电动病床4电动病床4电动病床4电动病床4电动病床4电动病床4电动病床4电动病床4'),
(83, '超级悬吊系统3', '', 'images/product01.png', '超级悬吊系统3超级悬吊系统3超级悬吊系统3超级悬吊系统3超级悬吊系统3超级悬吊系统3超级悬吊系统3超级悬吊系统3', 22, '售后服务是：超级悬吊系统3超级悬吊系统3超级悬吊系统3超级悬吊系统3超级悬吊系统3超级悬吊系统3超级悬吊系统3超级悬吊系统3'),
(84, '电动升降床4', '', 'images/product01.png', '电动升降床4电动升降床4电动升降床4电动升降床4电动升降床4电动升降床4电动升降床4电动升降床4', 20, '售后服务是：电动升降床4电动升降床4电动升降床4电动升降床4电动升降床4电动升降床4电动升降床4电动升降床4'),
(85, '超级悬吊系统2', '', 'images/product02.png', '超级悬吊系统2超级悬吊系统2超级悬吊系统2超级悬吊系统2超级悬吊系统2超级悬吊系统2超级悬吊系统2超级悬吊系统2', 17, '售后服务是：超级悬吊系统2超级悬吊系统2超级悬吊系统2超级悬吊系统2超级悬吊系统2超级悬吊系统2超级悬吊系统2超级悬吊系统2'),
(86, '多功能带便孔护理床4', '', 'images/product01.png', '多功能带便孔护理床4多功能带便孔护理床4多功能带便孔护理床4多功能带便孔护理床4多功能带便孔护理床4多功能带便孔护理床4多功能带便孔护理床4多功能带便孔护理床4', 16, '售后服务是：多功能带便孔护理床4多功能带便孔护理床4多功能带便孔护理床4多功能带便孔护理床4多功能带便孔护理床4多功能带便孔护理床4多功能带便孔护理床4多功能带便孔护理床4'),
(87, '超级悬吊系统2', '', 'images/product05.png', '超级悬吊系统2超级悬吊系统2超级悬吊系统2超级悬吊系统2超级悬吊系统2超级悬吊系统2超级悬吊系统2超级悬吊系统2', 17, '售后服务是：超级悬吊系统2超级悬吊系统2超级悬吊系统2超级悬吊系统2超级悬吊系统2超级悬吊系统2超级悬吊系统2超级悬吊系统2'),
(88, '电动病床2', '', 'images/product05.png', '电动病床2电动病床2电动病床2电动病床2电动病床2电动病床2电动病床2电动病床2', 18, '售后服务是：电动病床2电动病床2电动病床2电动病床2电动病床2电动病床2电动病床2电动病床2'),
(89, '很厉害的床2', '', 'images/product/product-01.png', '很厉害的床2很厉害的床2很厉害的床2很厉害的床2很厉害的床2很厉害的床2很厉害的床2很厉害的床2', 17, '售后服务是：很厉害的床2很厉害的床2很厉害的床2很厉害的床2很厉害的床2很厉害的床2很厉害的床2很厉害的床2'),
(90, '超级悬吊系统5', '', 'images/product03.png', '超级悬吊系统5超级悬吊系统5超级悬吊系统5超级悬吊系统5超级悬吊系统5超级悬吊系统5超级悬吊系统5超级悬吊系统5', 22, '售后服务是：超级悬吊系统5超级悬吊系统5超级悬吊系统5超级悬吊系统5超级悬吊系统5超级悬吊系统5超级悬吊系统5超级悬吊系统5'),
(91, '电动升降床3', '', 'images/product05.png', '电动升降床3电动升降床3电动升降床3电动升降床3电动升降床3电动升降床3电动升降床3电动升降床3', 19, '售后服务是：电动升降床3电动升降床3电动升降床3电动升降床3电动升降床3电动升降床3电动升降床3电动升降床3'),
(92, '电动升降床3', '', 'images/product01.png', '电动升降床3电动升降床3电动升降床3电动升降床3电动升降床3电动升降床3电动升降床3电动升降床3', 16, '售后服务是：电动升降床3电动升降床3电动升降床3电动升降床3电动升降床3电动升降床3电动升降床3电动升降床3'),
(93, '电动升降床2', '', 'images/product04.png', '电动升降床2电动升降床2电动升降床2电动升降床2电动升降床2电动升降床2电动升降床2电动升降床2', 22, '售后服务是：电动升降床2电动升降床2电动升降床2电动升降床2电动升降床2电动升降床2电动升降床2电动升降床2'),
(94, '电动病床3', '', 'images/product03.png', '电动病床3电动病床3电动病床3电动病床3电动病床3电动病床3电动病床3电动病床3', 20, '售后服务是：电动病床3电动病床3电动病床3电动病床3电动病床3电动病床3电动病床3电动病床3'),
(95, '很厉害的床5', '', 'images/product04.png', '很厉害的床5很厉害的床5很厉害的床5很厉害的床5很厉害的床5很厉害的床5很厉害的床5很厉害的床5', 20, '售后服务是：很厉害的床5很厉害的床5很厉害的床5很厉害的床5很厉害的床5很厉害的床5很厉害的床5很厉害的床5'),
(96, '超级悬吊系统5', '', 'images/product/product-01.png', '超级悬吊系统5超级悬吊系统5超级悬吊系统5超级悬吊系统5超级悬吊系统5超级悬吊系统5超级悬吊系统5超级悬吊系统5', 19, '售后服务是：超级悬吊系统5超级悬吊系统5超级悬吊系统5超级悬吊系统5超级悬吊系统5超级悬吊系统5超级悬吊系统5超级悬吊系统5'),
(97, '超级悬吊系统2', '', 'images/product03.png', '超级悬吊系统2超级悬吊系统2超级悬吊系统2超级悬吊系统2超级悬吊系统2超级悬吊系统2超级悬吊系统2超级悬吊系统2', 18, '售后服务是：超级悬吊系统2超级悬吊系统2超级悬吊系统2超级悬吊系统2超级悬吊系统2超级悬吊系统2超级悬吊系统2超级悬吊系统2'),
(98, '超级悬吊系统4', '', 'images/product01.png', '超级悬吊系统4超级悬吊系统4超级悬吊系统4超级悬吊系统4超级悬吊系统4超级悬吊系统4超级悬吊系统4超级悬吊系统4', 17, '售后服务是：超级悬吊系统4超级悬吊系统4超级悬吊系统4超级悬吊系统4超级悬吊系统4超级悬吊系统4超级悬吊系统4超级悬吊系统4'),
(99, '很厉害的床2', '', 'images/product01.png', '很厉害的床2很厉害的床2很厉害的床2很厉害的床2很厉害的床2很厉害的床2很厉害的床2很厉害的床2', 16, '售后服务是：很厉害的床2很厉害的床2很厉害的床2很厉害的床2很厉害的床2很厉害的床2很厉害的床2很厉害的床2'),
(100, '多功能带便孔护理床3', '', 'images/product04.png', '多功能带便孔护理床3多功能带便孔护理床3多功能带便孔护理床3多功能带便孔护理床3多功能带便孔护理床3多功能带便孔护理床3多功能带便孔护理床3多功能带便孔护理床3', 20, '售后服务是：多功能带便孔护理床3多功能带便孔护理床3多功能带便孔护理床3多功能带便孔护理床3多功能带便孔护理床3多功能带便孔护理床3多功能带便孔护理床3多功能带便孔护理床3'),
(101, '电动起立床2', '', 'images/product04.png', '电动起立床2电动起立床2电动起立床2电动起立床2电动起立床2电动起立床2电动起立床2电动起立床2', 17, '售后服务是：电动起立床2电动起立床2电动起立床2电动起立床2电动起立床2电动起立床2电动起立床2电动起立床2'),
(102, '超级悬吊系统2', '', 'images/product01.png', '超级悬吊系统2超级悬吊系统2超级悬吊系统2超级悬吊系统2超级悬吊系统2超级悬吊系统2超级悬吊系统2超级悬吊系统2', 16, '售后服务是：超级悬吊系统2超级悬吊系统2超级悬吊系统2超级悬吊系统2超级悬吊系统2超级悬吊系统2超级悬吊系统2超级悬吊系统2'),
(103, '超级悬吊系统2', '', 'images/product05.png', '超级悬吊系统2超级悬吊系统2超级悬吊系统2超级悬吊系统2超级悬吊系统2超级悬吊系统2超级悬吊系统2超级悬吊系统2', 19, '售后服务是：超级悬吊系统2超级悬吊系统2超级悬吊系统2超级悬吊系统2超级悬吊系统2超级悬吊系统2超级悬吊系统2超级悬吊系统2'),
(104, '电动升降床4', '', 'images/product01.png', '电动升降床4电动升降床4电动升降床4电动升降床4电动升降床4电动升降床4电动升降床4电动升降床4', 18, '售后服务是：电动升降床4电动升降床4电动升降床4电动升降床4电动升降床4电动升降床4电动升降床4电动升降床4'),
(105, '超级悬吊系统5', '', 'images/product02.png', '超级悬吊系统5超级悬吊系统5超级悬吊系统5超级悬吊系统5超级悬吊系统5超级悬吊系统5超级悬吊系统5超级悬吊系统5', 21, '售后服务是：超级悬吊系统5超级悬吊系统5超级悬吊系统5超级悬吊系统5超级悬吊系统5超级悬吊系统5超级悬吊系统5超级悬吊系统5'),
(106, '多功能带便孔护理床2', '', 'images/product05.png', '多功能带便孔护理床2多功能带便孔护理床2多功能带便孔护理床2多功能带便孔护理床2多功能带便孔护理床2多功能带便孔护理床2多功能带便孔护理床2多功能带便孔护理床2', 17, '售后服务是：多功能带便孔护理床2多功能带便孔护理床2多功能带便孔护理床2多功能带便孔护理床2多功能带便孔护理床2多功能带便孔护理床2多功能带便孔护理床2多功能带便孔护理床2'),
(107, '电动起立床2', '', 'images/product03.png', '电动起立床2电动起立床2电动起立床2电动起立床2电动起立床2电动起立床2电动起立床2电动起立床2', 20, '售后服务是：电动起立床2电动起立床2电动起立床2电动起立床2电动起立床2电动起立床2电动起立床2电动起立床2'),
(108, '电动病床2', '', 'images/product01.png', '电动病床2电动病床2电动病床2电动病床2电动病床2电动病床2电动病床2电动病床2', 21, '售后服务是：电动病床2电动病床2电动病床2电动病床2电动病床2电动病床2电动病床2电动病床2'),
(109, '超级悬吊系统5', '', 'images/product05.png', '超级悬吊系统5超级悬吊系统5超级悬吊系统5超级悬吊系统5超级悬吊系统5超级悬吊系统5超级悬吊系统5超级悬吊系统5', 20, '售后服务是：超级悬吊系统5超级悬吊系统5超级悬吊系统5超级悬吊系统5超级悬吊系统5超级悬吊系统5超级悬吊系统5超级悬吊系统5'),
(110, '电动升降床2', '', 'images/product02.png', '电动升降床2电动升降床2电动升降床2电动升降床2电动升降床2电动升降床2电动升降床2电动升降床2', 19, '售后服务是：电动升降床2电动升降床2电动升降床2电动升降床2电动升降床2电动升降床2电动升降床2电动升降床2'),
(111, '电动升降床4', '', 'images/product/product-01.png', '电动升降床4电动升降床4电动升降床4电动升降床4电动升降床4电动升降床4电动升降床4电动升降床4', 21, '售后服务是：电动升降床4电动升降床4电动升降床4电动升降床4电动升降床4电动升降床4电动升降床4电动升降床4'),
(112, '电动起立床2', '', 'images/product01.png', '电动起立床2电动起立床2电动起立床2电动起立床2电动起立床2电动起立床2电动起立床2电动起立床2', 21, '售后服务是：电动起立床2电动起立床2电动起立床2电动起立床2电动起立床2电动起立床2电动起立床2电动起立床2'),
(113, '电动起立床4', '', 'images/product03.png', '电动起立床4电动起立床4电动起立床4电动起立床4电动起立床4电动起立床4电动起立床4电动起立床4', 17, '售后服务是：电动起立床4电动起立床4电动起立床4电动起立床4电动起立床4电动起立床4电动起立床4电动起立床4'),
(114, '很厉害的床3', '', 'images/product02.png', '很厉害的床3很厉害的床3很厉害的床3很厉害的床3很厉害的床3很厉害的床3很厉害的床3很厉害的床3', 21, '售后服务是：很厉害的床3很厉害的床3很厉害的床3很厉害的床3很厉害的床3很厉害的床3很厉害的床3很厉害的床3'),
(115, '电动起立床3', '', 'images/product03.png', '电动起立床3电动起立床3电动起立床3电动起立床3电动起立床3电动起立床3电动起立床3电动起立床3', 19, '售后服务是：电动起立床3电动起立床3电动起立床3电动起立床3电动起立床3电动起立床3电动起立床3电动起立床3'),
(116, '很厉害的床4', '', 'images/product03.png', '很厉害的床4很厉害的床4很厉害的床4很厉害的床4很厉害的床4很厉害的床4很厉害的床4很厉害的床4', 21, '售后服务是：很厉害的床4很厉害的床4很厉害的床4很厉害的床4很厉害的床4很厉害的床4很厉害的床4很厉害的床4'),
(117, '多功能带便孔护理床2', '', 'images/product05.png', '多功能带便孔护理床2多功能带便孔护理床2多功能带便孔护理床2多功能带便孔护理床2多功能带便孔护理床2多功能带便孔护理床2多功能带便孔护理床2多功能带便孔护理床2', 21, '售后服务是：多功能带便孔护理床2多功能带便孔护理床2多功能带便孔护理床2多功能带便孔护理床2多功能带便孔护理床2多功能带便孔护理床2多功能带便孔护理床2多功能带便孔护理床2'),
(118, '多功能带便孔护理床3', '', 'images/product03.png', '多功能带便孔护理床3多功能带便孔护理床3多功能带便孔护理床3多功能带便孔护理床3多功能带便孔护理床3多功能带便孔护理床3多功能带便孔护理床3多功能带便孔护理床3', 20, '售后服务是：多功能带便孔护理床3多功能带便孔护理床3多功能带便孔护理床3多功能带便孔护理床3多功能带便孔护理床3多功能带便孔护理床3多功能带便孔护理床3多功能带便孔护理床3'),
(119, '超级悬吊系统4', '', 'images/product05.png', '超级悬吊系统4超级悬吊系统4超级悬吊系统4超级悬吊系统4超级悬吊系统4超级悬吊系统4超级悬吊系统4超级悬吊系统4', 21, '售后服务是：超级悬吊系统4超级悬吊系统4超级悬吊系统4超级悬吊系统4超级悬吊系统4超级悬吊系统4超级悬吊系统4超级悬吊系统4'),
(120, '超级悬吊系统4', '', 'images/product/product-01.png', '超级悬吊系统4超级悬吊系统4超级悬吊系统4超级悬吊系统4超级悬吊系统4超级悬吊系统4超级悬吊系统4超级悬吊系统4', 18, '售后服务是：超级悬吊系统4超级悬吊系统4超级悬吊系统4超级悬吊系统4超级悬吊系统4超级悬吊系统4超级悬吊系统4超级悬吊系统4'),
(121, '多功能带便孔护理床3', '', 'images/product03.png', '多功能带便孔护理床3多功能带便孔护理床3多功能带便孔护理床3多功能带便孔护理床3多功能带便孔护理床3多功能带便孔护理床3多功能带便孔护理床3多功能带便孔护理床3', 18, '售后服务是：多功能带便孔护理床3多功能带便孔护理床3多功能带便孔护理床3多功能带便孔护理床3多功能带便孔护理床3多功能带便孔护理床3多功能带便孔护理床3多功能带便孔护理床3'),
(122, '电动升降床5', '', 'images/product05.png', '电动升降床5电动升降床5电动升降床5电动升降床5电动升降床5电动升降床5电动升降床5电动升降床5', 19, '售后服务是：电动升降床5电动升降床5电动升降床5电动升降床5电动升降床5电动升降床5电动升降床5电动升降床5'),
(123, '很厉害的床4', '', 'images/product01.png', '很厉害的床4很厉害的床4很厉害的床4很厉害的床4很厉害的床4很厉害的床4很厉害的床4很厉害的床4', 20, '售后服务是：很厉害的床4很厉害的床4很厉害的床4很厉害的床4很厉害的床4很厉害的床4很厉害的床4很厉害的床4'),
(124, '电动病床2', '', 'images/product03.png', '电动病床2电动病床2电动病床2电动病床2电动病床2电动病床2电动病床2电动病床2', 16, '售后服务是：电动病床2电动病床2电动病床2电动病床2电动病床2电动病床2电动病床2电动病床2'),
(125, '电动升降床2', '', 'images/product05.png', '电动升降床2电动升降床2电动升降床2电动升降床2电动升降床2电动升降床2电动升降床2电动升降床2', 19, '售后服务是：电动升降床2电动升降床2电动升降床2电动升降床2电动升降床2电动升降床2电动升降床2电动升降床2'),
(126, '超级悬吊系统5', '', 'images/product/product-01.png', '超级悬吊系统5超级悬吊系统5超级悬吊系统5超级悬吊系统5超级悬吊系统5超级悬吊系统5超级悬吊系统5超级悬吊系统5', 20, '售后服务是：超级悬吊系统5超级悬吊系统5超级悬吊系统5超级悬吊系统5超级悬吊系统5超级悬吊系统5超级悬吊系统5超级悬吊系统5'),
(127, '电动升降床3', '', 'images/product05.png', '电动升降床3电动升降床3电动升降床3电动升降床3电动升降床3电动升降床3电动升降床3电动升降床3', 16, '售后服务是：电动升降床3电动升降床3电动升降床3电动升降床3电动升降床3电动升降床3电动升降床3电动升降床3'),
(128, '电动起立床5', '', 'images/product04.png', '电动起立床5电动起立床5电动起立床5电动起立床5电动起立床5电动起立床5电动起立床5电动起立床5', 20, '售后服务是：电动起立床5电动起立床5电动起立床5电动起立床5电动起立床5电动起立床5电动起立床5电动起立床5'),
(129, '超级悬吊系统3', '', 'images/product03.png', '超级悬吊系统3超级悬吊系统3超级悬吊系统3超级悬吊系统3超级悬吊系统3超级悬吊系统3超级悬吊系统3超级悬吊系统3', 20, '售后服务是：超级悬吊系统3超级悬吊系统3超级悬吊系统3超级悬吊系统3超级悬吊系统3超级悬吊系统3超级悬吊系统3超级悬吊系统3'),
(130, '超级悬吊系统2', '', 'images/product02.png', '超级悬吊系统2超级悬吊系统2超级悬吊系统2超级悬吊系统2超级悬吊系统2超级悬吊系统2超级悬吊系统2超级悬吊系统2', 22, '售后服务是：超级悬吊系统2超级悬吊系统2超级悬吊系统2超级悬吊系统2超级悬吊系统2超级悬吊系统2超级悬吊系统2超级悬吊系统2'),
(131, '电动升降床4', '', 'images/product02.png', '电动升降床4电动升降床4电动升降床4电动升降床4电动升降床4电动升降床4电动升降床4电动升降床4', 18, '售后服务是：电动升降床4电动升降床4电动升降床4电动升降床4电动升降床4电动升降床4电动升降床4电动升降床4'),
(132, '电动升降床5', '', 'images/product04.png', '电动升降床5电动升降床5电动升降床5电动升降床5电动升降床5电动升降床5电动升降床5电动升降床5', 17, '售后服务是：电动升降床5电动升降床5电动升降床5电动升降床5电动升降床5电动升降床5电动升降床5电动升降床5'),
(133, '超级悬吊系统5', '', 'images/product04.png', '超级悬吊系统5超级悬吊系统5超级悬吊系统5超级悬吊系统5超级悬吊系统5超级悬吊系统5超级悬吊系统5超级悬吊系统5', 18, '售后服务是：超级悬吊系统5超级悬吊系统5超级悬吊系统5超级悬吊系统5超级悬吊系统5超级悬吊系统5超级悬吊系统5超级悬吊系统5'),
(134, '很厉害的床3', '', 'images/product02.png', '很厉害的床3很厉害的床3很厉害的床3很厉害的床3很厉害的床3很厉害的床3很厉害的床3很厉害的床3', 17, '售后服务是：很厉害的床3很厉害的床3很厉害的床3很厉害的床3很厉害的床3很厉害的床3很厉害的床3很厉害的床3'),
(135, '电动起立床3', '', 'images/product05.png', '电动起立床3电动起立床3电动起立床3电动起立床3电动起立床3电动起立床3电动起立床3电动起立床3', 16, '售后服务是：电动起立床3电动起立床3电动起立床3电动起立床3电动起立床3电动起立床3电动起立床3电动起立床3'),
(136, '电动起立床2', '', 'images/product01.png', '电动起立床2电动起立床2电动起立床2电动起立床2电动起立床2电动起立床2电动起立床2电动起立床2', 22, '售后服务是：电动起立床2电动起立床2电动起立床2电动起立床2电动起立床2电动起立床2电动起立床2电动起立床2'),
(137, '电动起立床4', '', 'images/product04.png', '电动起立床4电动起立床4电动起立床4电动起立床4电动起立床4电动起立床4电动起立床4电动起立床4', 16, '售后服务是：电动起立床4电动起立床4电动起立床4电动起立床4电动起立床4电动起立床4电动起立床4电动起立床4'),
(138, '电动起立床3', '', 'images/product02.png', '电动起立床3电动起立床3电动起立床3电动起立床3电动起立床3电动起立床3电动起立床3电动起立床3', 17, '售后服务是：电动起立床3电动起立床3电动起立床3电动起立床3电动起立床3电动起立床3电动起立床3电动起立床3'),
(139, '电动起立床3', '', 'images/product02.png', '电动起立床3电动起立床3电动起立床3电动起立床3电动起立床3电动起立床3电动起立床3电动起立床3', 18, '售后服务是：电动起立床3电动起立床3电动起立床3电动起立床3电动起立床3电动起立床3电动起立床3电动起立床3'),
(140, '超级悬吊系统4', '', 'images/product05.png', '超级悬吊系统4超级悬吊系统4超级悬吊系统4超级悬吊系统4超级悬吊系统4超级悬吊系统4超级悬吊系统4超级悬吊系统4', 18, '售后服务是：超级悬吊系统4超级悬吊系统4超级悬吊系统4超级悬吊系统4超级悬吊系统4超级悬吊系统4超级悬吊系统4超级悬吊系统4'),
(141, '很厉害的床4', '', 'images/product05.png', '很厉害的床4很厉害的床4很厉害的床4很厉害的床4很厉害的床4很厉害的床4很厉害的床4很厉害的床4', 16, '售后服务是：很厉害的床4很厉害的床4很厉害的床4很厉害的床4很厉害的床4很厉害的床4很厉害的床4很厉害的床4'),
(142, '电动升降床4', '', 'images/product05.png', '电动升降床4电动升降床4电动升降床4电动升降床4电动升降床4电动升降床4电动升降床4电动升降床4', 21, '售后服务是：电动升降床4电动升降床4电动升降床4电动升降床4电动升降床4电动升降床4电动升降床4电动升降床4'),
(143, '很厉害的床3', '', 'images/product02.png', '很厉害的床3很厉害的床3很厉害的床3很厉害的床3很厉害的床3很厉害的床3很厉害的床3很厉害的床3', 18, '售后服务是：很厉害的床3很厉害的床3很厉害的床3很厉害的床3很厉害的床3很厉害的床3很厉害的床3很厉害的床3'),
(144, '超级悬吊系统3', '', 'images/product03.png', '超级悬吊系统3超级悬吊系统3超级悬吊系统3超级悬吊系统3超级悬吊系统3超级悬吊系统3超级悬吊系统3超级悬吊系统3', 17, '售后服务是：超级悬吊系统3超级悬吊系统3超级悬吊系统3超级悬吊系统3超级悬吊系统3超级悬吊系统3超级悬吊系统3超级悬吊系统3'),
(145, '电动起立床2', '', 'images/product/product-01.png', '电动起立床2电动起立床2电动起立床2电动起立床2电动起立床2电动起立床2电动起立床2电动起立床2', 22, '售后服务是：电动起立床2电动起立床2电动起立床2电动起立床2电动起立床2电动起立床2电动起立床2电动起立床2'),
(146, '超级悬吊系统5', '', 'images/product03.png', '超级悬吊系统5超级悬吊系统5超级悬吊系统5超级悬吊系统5超级悬吊系统5超级悬吊系统5超级悬吊系统5超级悬吊系统5', 16, '售后服务是：超级悬吊系统5超级悬吊系统5超级悬吊系统5超级悬吊系统5超级悬吊系统5超级悬吊系统5超级悬吊系统5超级悬吊系统5'),
(147, '电动升降床3', '', 'images/product03.png', '电动升降床3电动升降床3电动升降床3电动升降床3电动升降床3电动升降床3电动升降床3电动升降床3', 22, '售后服务是：电动升降床3电动升降床3电动升降床3电动升降床3电动升降床3电动升降床3电动升降床3电动升降床3'),
(148, '电动升降床4', '', 'images/product/product-01.png', '电动升降床4电动升降床4电动升降床4电动升降床4电动升降床4电动升降床4电动升降床4电动升降床4', 21, '售后服务是：电动升降床4电动升降床4电动升降床4电动升降床4电动升降床4电动升降床4电动升降床4电动升降床4'),
(149, '多功能带便孔护理床2', '', 'images/product05.png', '多功能带便孔护理床2多功能带便孔护理床2多功能带便孔护理床2多功能带便孔护理床2多功能带便孔护理床2多功能带便孔护理床2多功能带便孔护理床2多功能带便孔护理床2', 17, '售后服务是：多功能带便孔护理床2多功能带便孔护理床2多功能带便孔护理床2多功能带便孔护理床2多功能带便孔护理床2多功能带便孔护理床2多功能带便孔护理床2多功能带便孔护理床2'),
(150, '很厉害的床3', '', 'images/product02.png', '很厉害的床3很厉害的床3很厉害的床3很厉害的床3很厉害的床3很厉害的床3很厉害的床3很厉害的床3', 17, '售后服务是：很厉害的床3很厉害的床3很厉害的床3很厉害的床3很厉害的床3很厉害的床3很厉害的床3很厉害的床3'),
(151, '电动起立床4', '', 'images/product02.png', '电动起立床4电动起立床4电动起立床4电动起立床4电动起立床4电动起立床4电动起立床4电动起立床4', 20, '售后服务是：电动起立床4电动起立床4电动起立床4电动起立床4电动起立床4电动起立床4电动起立床4电动起立床4'),
(152, '电动升降床2', '', 'images/product03.png', '电动升降床2电动升降床2电动升降床2电动升降床2电动升降床2电动升降床2电动升降床2电动升降床2', 20, '售后服务是：电动升降床2电动升降床2电动升降床2电动升降床2电动升降床2电动升降床2电动升降床2电动升降床2'),
(153, '很厉害的床5', '', 'images/product01.png', '很厉害的床5很厉害的床5很厉害的床5很厉害的床5很厉害的床5很厉害的床5很厉害的床5很厉害的床5', 21, '售后服务是：很厉害的床5很厉害的床5很厉害的床5很厉害的床5很厉害的床5很厉害的床5很厉害的床5很厉害的床5'),
(154, '超级悬吊系统4', '', 'images/product/product-01.png', '超级悬吊系统4超级悬吊系统4超级悬吊系统4超级悬吊系统4超级悬吊系统4超级悬吊系统4超级悬吊系统4超级悬吊系统4', 20, '售后服务是：超级悬吊系统4超级悬吊系统4超级悬吊系统4超级悬吊系统4超级悬吊系统4超级悬吊系统4超级悬吊系统4超级悬吊系统4'),
(155, '电动病床3', '', 'images/product01.png', '电动病床3电动病床3电动病床3电动病床3电动病床3电动病床3电动病床3电动病床3', 16, '售后服务是：电动病床3电动病床3电动病床3电动病床3电动病床3电动病床3电动病床3电动病床3'),
(156, '电动起立床2', '', 'images/product03.png', '电动起立床2电动起立床2电动起立床2电动起立床2电动起立床2电动起立床2电动起立床2电动起立床2', 19, '售后服务是：电动起立床2电动起立床2电动起立床2电动起立床2电动起立床2电动起立床2电动起立床2电动起立床2'),
(157, '电动升降床5', '', 'images/product05.png', '电动升降床5电动升降床5电动升降床5电动升降床5电动升降床5电动升降床5电动升降床5电动升降床5', 21, '售后服务是：电动升降床5电动升降床5电动升降床5电动升降床5电动升降床5电动升降床5电动升降床5电动升降床5'),
(158, '电动升降床5', '', 'images/product02.png', '电动升降床5电动升降床5电动升降床5电动升降床5电动升降床5电动升降床5电动升降床5电动升降床5', 17, '售后服务是：电动升降床5电动升降床5电动升降床5电动升降床5电动升降床5电动升降床5电动升降床5电动升降床5'),
(159, '电动升降床3', '', 'images/product03.png', '电动升降床3电动升降床3电动升降床3电动升降床3电动升降床3电动升降床3电动升降床3电动升降床3', 16, '售后服务是：电动升降床3电动升降床3电动升降床3电动升降床3电动升降床3电动升降床3电动升降床3电动升降床3'),
(160, '多功能带便孔护理床5', '', 'images/product02.png', '多功能带便孔护理床5多功能带便孔护理床5多功能带便孔护理床5多功能带便孔护理床5多功能带便孔护理床5多功能带便孔护理床5多功能带便孔护理床5多功能带便孔护理床5', 19, '售后服务是：多功能带便孔护理床5多功能带便孔护理床5多功能带便孔护理床5多功能带便孔护理床5多功能带便孔护理床5多功能带便孔护理床5多功能带便孔护理床5多功能带便孔护理床5'),
(161, '超级悬吊系统2', '', 'images/product01.png', '超级悬吊系统2超级悬吊系统2超级悬吊系统2超级悬吊系统2超级悬吊系统2超级悬吊系统2超级悬吊系统2超级悬吊系统2', 22, '售后服务是：超级悬吊系统2超级悬吊系统2超级悬吊系统2超级悬吊系统2超级悬吊系统2超级悬吊系统2超级悬吊系统2超级悬吊系统2'),
(162, '很厉害的床2', '', 'images/product05.png', '很厉害的床2很厉害的床2很厉害的床2很厉害的床2很厉害的床2很厉害的床2很厉害的床2很厉害的床2', 21, '售后服务是：很厉害的床2很厉害的床2很厉害的床2很厉害的床2很厉害的床2很厉害的床2很厉害的床2很厉害的床2'),
(163, '电动升降床4', '', 'images/product01.png', '电动升降床4电动升降床4电动升降床4电动升降床4电动升降床4电动升降床4电动升降床4电动升降床4', 19, '售后服务是：电动升降床4电动升降床4电动升降床4电动升降床4电动升降床4电动升降床4电动升降床4电动升降床4'),
(164, '多功能带便孔护理床3', '', 'images/product01.png', '多功能带便孔护理床3多功能带便孔护理床3多功能带便孔护理床3多功能带便孔护理床3多功能带便孔护理床3多功能带便孔护理床3多功能带便孔护理床3多功能带便孔护理床3', 17, '售后服务是：多功能带便孔护理床3多功能带便孔护理床3多功能带便孔护理床3多功能带便孔护理床3多功能带便孔护理床3多功能带便孔护理床3多功能带便孔护理床3多功能带便孔护理床3'),
(165, '很厉害的床3', '', 'images/product04.png', '很厉害的床3很厉害的床3很厉害的床3很厉害的床3很厉害的床3很厉害的床3很厉害的床3很厉害的床3', 19, '售后服务是：很厉害的床3很厉害的床3很厉害的床3很厉害的床3很厉害的床3很厉害的床3很厉害的床3很厉害的床3'),
(166, '超级悬吊系统3', '', 'images/product03.png', '超级悬吊系统3超级悬吊系统3超级悬吊系统3超级悬吊系统3超级悬吊系统3超级悬吊系统3超级悬吊系统3超级悬吊系统3', 19, '售后服务是：超级悬吊系统3超级悬吊系统3超级悬吊系统3超级悬吊系统3超级悬吊系统3超级悬吊系统3超级悬吊系统3超级悬吊系统3'),
(167, '电动升降床3', '', 'images/product02.png', '电动升降床3电动升降床3电动升降床3电动升降床3电动升降床3电动升降床3电动升降床3电动升降床3', 21, '售后服务是：电动升降床3电动升降床3电动升降床3电动升降床3电动升降床3电动升降床3电动升降床3电动升降床3'),
(168, '很厉害的床4', '', 'images/product02.png', '很厉害的床4很厉害的床4很厉害的床4很厉害的床4很厉害的床4很厉害的床4很厉害的床4很厉害的床4', 17, '售后服务是：很厉害的床4很厉害的床4很厉害的床4很厉害的床4很厉害的床4很厉害的床4很厉害的床4很厉害的床4'),
(169, '电动升降床5', '', 'images/product02.png', '电动升降床5电动升降床5电动升降床5电动升降床5电动升降床5电动升降床5电动升降床5电动升降床5', 21, '售后服务是：电动升降床5电动升降床5电动升降床5电动升降床5电动升降床5电动升降床5电动升降床5电动升降床5'),
(170, '电动病床5', '', 'images/product01.png', '电动病床5电动病床5电动病床5电动病床5电动病床5电动病床5电动病床5电动病床5', 21, '售后服务是：电动病床5电动病床5电动病床5电动病床5电动病床5电动病床5电动病床5电动病床5'),
(171, '很厉害的床3', '', 'images/product/product-01.png', '很厉害的床3很厉害的床3很厉害的床3很厉害的床3很厉害的床3很厉害的床3很厉害的床3很厉害的床3', 17, '售后服务是：很厉害的床3很厉害的床3很厉害的床3很厉害的床3很厉害的床3很厉害的床3很厉害的床3很厉害的床3'),
(172, '多功能带便孔护理床4', '', 'images/product03.png', '多功能带便孔护理床4多功能带便孔护理床4多功能带便孔护理床4多功能带便孔护理床4多功能带便孔护理床4多功能带便孔护理床4多功能带便孔护理床4多功能带便孔护理床4', 21, '售后服务是：多功能带便孔护理床4多功能带便孔护理床4多功能带便孔护理床4多功能带便孔护理床4多功能带便孔护理床4多功能带便孔护理床4多功能带便孔护理床4多功能带便孔护理床4'),
(173, '超级悬吊系统4', '', 'images/product04.png', '超级悬吊系统4超级悬吊系统4超级悬吊系统4超级悬吊系统4超级悬吊系统4超级悬吊系统4超级悬吊系统4超级悬吊系统4', 22, '售后服务是：超级悬吊系统4超级悬吊系统4超级悬吊系统4超级悬吊系统4超级悬吊系统4超级悬吊系统4超级悬吊系统4超级悬吊系统4'),
(174, '电动病床3', '', 'images/product01.png', '电动病床3电动病床3电动病床3电动病床3电动病床3电动病床3电动病床3电动病床3', 16, '售后服务是：电动病床3电动病床3电动病床3电动病床3电动病床3电动病床3电动病床3电动病床3'),
(175, '多功能带便孔护理床5', '', 'images/product04.png', '多功能带便孔护理床5多功能带便孔护理床5多功能带便孔护理床5多功能带便孔护理床5多功能带便孔护理床5多功能带便孔护理床5多功能带便孔护理床5多功能带便孔护理床5', 21, '售后服务是：多功能带便孔护理床5多功能带便孔护理床5多功能带便孔护理床5多功能带便孔护理床5多功能带便孔护理床5多功能带便孔护理床5多功能带便孔护理床5多功能带便孔护理床5'),
(176, '电动起立床5', '', 'images/product05.png', '电动起立床5电动起立床5电动起立床5电动起立床5电动起立床5电动起立床5电动起立床5电动起立床5', 19, '售后服务是：电动起立床5电动起立床5电动起立床5电动起立床5电动起立床5电动起立床5电动起立床5电动起立床5'),
(177, '电动起立床4', '', 'images/product01.png', '电动起立床4电动起立床4电动起立床4电动起立床4电动起立床4电动起立床4电动起立床4电动起立床4', 18, '售后服务是：电动起立床4电动起立床4电动起立床4电动起立床4电动起立床4电动起立床4电动起立床4电动起立床4'),
(178, '电动升降床3', '', 'images/product04.png', '电动升降床3电动升降床3电动升降床3电动升降床3电动升降床3电动升降床3电动升降床3电动升降床3', 16, '售后服务是：电动升降床3电动升降床3电动升降床3电动升降床3电动升降床3电动升降床3电动升降床3电动升降床3'),
(179, '电动升降床2', '', 'images/product03.png', '电动升降床2电动升降床2电动升降床2电动升降床2电动升降床2电动升降床2电动升降床2电动升降床2', 18, '售后服务是：电动升降床2电动升降床2电动升降床2电动升降床2电动升降床2电动升降床2电动升降床2电动升降床2'),
(180, '电动病床5', '', 'images/product/product-01.png', '电动病床5电动病床5电动病床5电动病床5电动病床5电动病床5电动病床5电动病床5', 19, '售后服务是：电动病床5电动病床5电动病床5电动病床5电动病床5电动病床5电动病床5电动病床5'),
(181, '电动病床3', '', 'images/product04.png', '电动病床3电动病床3电动病床3电动病床3电动病床3电动病床3电动病床3电动病床3', 16, '售后服务是：电动病床3电动病床3电动病床3电动病床3电动病床3电动病床3电动病床3电动病床3'),
(182, '电动升降床2', '', 'images/product03.png', '电动升降床2电动升降床2电动升降床2电动升降床2电动升降床2电动升降床2电动升降床2电动升降床2', 21, '售后服务是：电动升降床2电动升降床2电动升降床2电动升降床2电动升降床2电动升降床2电动升降床2电动升降床2'),
(183, '电动升降床2', '', 'images/product05.png', '电动升降床2电动升降床2电动升降床2电动升降床2电动升降床2电动升降床2电动升降床2电动升降床2', 21, '售后服务是：电动升降床2电动升降床2电动升降床2电动升降床2电动升降床2电动升降床2电动升降床2电动升降床2'),
(184, '超级悬吊系统5', '', 'images/product04.png', '超级悬吊系统5超级悬吊系统5超级悬吊系统5超级悬吊系统5超级悬吊系统5超级悬吊系统5超级悬吊系统5超级悬吊系统5', 17, '售后服务是：超级悬吊系统5超级悬吊系统5超级悬吊系统5超级悬吊系统5超级悬吊系统5超级悬吊系统5超级悬吊系统5超级悬吊系统5'),
(185, '超级悬吊系统3', '', 'images/product04.png', '超级悬吊系统3超级悬吊系统3超级悬吊系统3超级悬吊系统3超级悬吊系统3超级悬吊系统3超级悬吊系统3超级悬吊系统3', 21, '售后服务是：超级悬吊系统3超级悬吊系统3超级悬吊系统3超级悬吊系统3超级悬吊系统3超级悬吊系统3超级悬吊系统3超级悬吊系统3'),
(186, '超级悬吊系统4', '', 'images/product03.png', '超级悬吊系统4超级悬吊系统4超级悬吊系统4超级悬吊系统4超级悬吊系统4超级悬吊系统4超级悬吊系统4超级悬吊系统4', 18, '售后服务是：超级悬吊系统4超级悬吊系统4超级悬吊系统4超级悬吊系统4超级悬吊系统4超级悬吊系统4超级悬吊系统4超级悬吊系统4'),
(187, '多功能带便孔护理床3', '', 'images/product02.png', '多功能带便孔护理床3多功能带便孔护理床3多功能带便孔护理床3多功能带便孔护理床3多功能带便孔护理床3多功能带便孔护理床3多功能带便孔护理床3多功能带便孔护理床3', 22, '售后服务是：多功能带便孔护理床3多功能带便孔护理床3多功能带便孔护理床3多功能带便孔护理床3多功能带便孔护理床3多功能带便孔护理床3多功能带便孔护理床3多功能带便孔护理床3'),
(188, '电动起立床2', '', 'images/product01.png', '电动起立床2电动起立床2电动起立床2电动起立床2电动起立床2电动起立床2电动起立床2电动起立床2', 18, '售后服务是：电动起立床2电动起立床2电动起立床2电动起立床2电动起立床2电动起立床2电动起立床2电动起立床2'),
(189, '很厉害的床3', '', 'images/product01.png', '很厉害的床3很厉害的床3很厉害的床3很厉害的床3很厉害的床3很厉害的床3很厉害的床3很厉害的床3', 20, '售后服务是：很厉害的床3很厉害的床3很厉害的床3很厉害的床3很厉害的床3很厉害的床3很厉害的床3很厉害的床3'),
(190, '电动起立床3', '', 'images/product04.png', '电动起立床3电动起立床3电动起立床3电动起立床3电动起立床3电动起立床3电动起立床3电动起立床3', 17, '售后服务是：电动起立床3电动起立床3电动起立床3电动起立床3电动起立床3电动起立床3电动起立床3电动起立床3'),
(191, '超级悬吊系统2', '', 'images/product04.png', '超级悬吊系统2超级悬吊系统2超级悬吊系统2超级悬吊系统2超级悬吊系统2超级悬吊系统2超级悬吊系统2超级悬吊系统2', 21, '售后服务是：超级悬吊系统2超级悬吊系统2超级悬吊系统2超级悬吊系统2超级悬吊系统2超级悬吊系统2超级悬吊系统2超级悬吊系统2'),
(192, '电动起立床5', '', 'images/product05.png', '电动起立床5电动起立床5电动起立床5电动起立床5电动起立床5电动起立床5电动起立床5电动起立床5', 20, '售后服务是：电动起立床5电动起立床5电动起立床5电动起立床5电动起立床5电动起立床5电动起立床5电动起立床5'),
(193, '电动升降床3', '', 'images/product/product-01.png', '电动升降床3电动升降床3电动升降床3电动升降床3电动升降床3电动升降床3电动升降床3电动升降床3', 20, '售后服务是：电动升降床3电动升降床3电动升降床3电动升降床3电动升降床3电动升降床3电动升降床3电动升降床3'),
(194, '超级悬吊系统5', '', 'images/product/product-01.png', '超级悬吊系统5超级悬吊系统5超级悬吊系统5超级悬吊系统5超级悬吊系统5超级悬吊系统5超级悬吊系统5超级悬吊系统5', 17, '售后服务是：超级悬吊系统5超级悬吊系统5超级悬吊系统5超级悬吊系统5超级悬吊系统5超级悬吊系统5超级悬吊系统5超级悬吊系统5'),
(195, '电动起立床5', '', 'images/product02.png', '电动起立床5电动起立床5电动起立床5电动起立床5电动起立床5电动起立床5电动起立床5电动起立床5', 18, '售后服务是：电动起立床5电动起立床5电动起立床5电动起立床5电动起立床5电动起立床5电动起立床5电动起立床5'),
(196, '多功能带便孔护理床2', '', 'images/product01.png', '多功能带便孔护理床2多功能带便孔护理床2多功能带便孔护理床2多功能带便孔护理床2多功能带便孔护理床2多功能带便孔护理床2多功能带便孔护理床2多功能带便孔护理床2', 22, '售后服务是：多功能带便孔护理床2多功能带便孔护理床2多功能带便孔护理床2多功能带便孔护理床2多功能带便孔护理床2多功能带便孔护理床2多功能带便孔护理床2多功能带便孔护理床2'),
(197, '电动病床5', '', 'images/product01.png', '电动病床5电动病床5电动病床5电动病床5电动病床5电动病床5电动病床5电动病床5', 21, '售后服务是：电动病床5电动病床5电动病床5电动病床5电动病床5电动病床5电动病床5电动病床5'),
(198, '多功能带便孔护理床3', '', 'images/product05.png', '多功能带便孔护理床3多功能带便孔护理床3多功能带便孔护理床3多功能带便孔护理床3多功能带便孔护理床3多功能带便孔护理床3多功能带便孔护理床3多功能带便孔护理床3', 16, '售后服务是：多功能带便孔护理床3多功能带便孔护理床3多功能带便孔护理床3多功能带便孔护理床3多功能带便孔护理床3多功能带便孔护理床3多功能带便孔护理床3多功能带便孔护理床3'),
(199, '电动病床5', '', 'images/product05.png', '电动病床5电动病床5电动病床5电动病床5电动病床5电动病床5电动病床5电动病床5', 17, '售后服务是：电动病床5电动病床5电动病床5电动病床5电动病床5电动病床5电动病床5电动病床5'),
(200, '很厉害的床4', '', 'images/product03.png', '很厉害的床4很厉害的床4很厉害的床4很厉害的床4很厉害的床4很厉害的床4很厉害的床4很厉害的床4', 21, '售后服务是：很厉害的床4很厉害的床4很厉害的床4很厉害的床4很厉害的床4很厉害的床4很厉害的床4很厉害的床4'),
(201, '电动起立床3', '', 'images/product05.png', '电动起立床3电动起立床3电动起立床3电动起立床3电动起立床3电动起立床3电动起立床3电动起立床3', 21, '售后服务是：电动起立床3电动起立床3电动起立床3电动起立床3电动起立床3电动起立床3电动起立床3电动起立床3'),
(202, '电动升降床3', '', 'images/product01.png', '电动升降床3电动升降床3电动升降床3电动升降床3电动升降床3电动升降床3电动升降床3电动升降床3', 17, '售后服务是：电动升降床3电动升降床3电动升降床3电动升降床3电动升降床3电动升降床3电动升降床3电动升降床3'),
(203, '电动升降床3', '', 'images/product04.png', '电动升降床3电动升降床3电动升降床3电动升降床3电动升降床3电动升降床3电动升降床3电动升降床3', 18, '售后服务是：电动升降床3电动升降床3电动升降床3电动升降床3电动升降床3电动升降床3电动升降床3电动升降床3'),
(204, '多功能带便孔护理床5', '', 'images/product05.png', '多功能带便孔护理床5多功能带便孔护理床5多功能带便孔护理床5多功能带便孔护理床5多功能带便孔护理床5多功能带便孔护理床5多功能带便孔护理床5多功能带便孔护理床5', 18, '售后服务是：多功能带便孔护理床5多功能带便孔护理床5多功能带便孔护理床5多功能带便孔护理床5多功能带便孔护理床5多功能带便孔护理床5多功能带便孔护理床5多功能带便孔护理床5'),
(205, '很厉害的床3', '', 'images/product01.png', '很厉害的床3很厉害的床3很厉害的床3很厉害的床3很厉害的床3很厉害的床3很厉害的床3很厉害的床3', 20, '售后服务是：很厉害的床3很厉害的床3很厉害的床3很厉害的床3很厉害的床3很厉害的床3很厉害的床3很厉害的床3'),
(206, '超级悬吊系统3', '', 'images/product02.png', '超级悬吊系统3超级悬吊系统3超级悬吊系统3超级悬吊系统3超级悬吊系统3超级悬吊系统3超级悬吊系统3超级悬吊系统3', 22, '售后服务是：超级悬吊系统3超级悬吊系统3超级悬吊系统3超级悬吊系统3超级悬吊系统3超级悬吊系统3超级悬吊系统3超级悬吊系统3'),
(207, '超级悬吊系统5', '', 'images/product01.png', '超级悬吊系统5超级悬吊系统5超级悬吊系统5超级悬吊系统5超级悬吊系统5超级悬吊系统5超级悬吊系统5超级悬吊系统5', 16, '售后服务是：超级悬吊系统5超级悬吊系统5超级悬吊系统5超级悬吊系统5超级悬吊系统5超级悬吊系统5超级悬吊系统5超级悬吊系统5'),
(208, '电动起立床3', '', 'images/product04.png', '电动起立床3电动起立床3电动起立床3电动起立床3电动起立床3电动起立床3电动起立床3电动起立床3', 16, '售后服务是：电动起立床3电动起立床3电动起立床3电动起立床3电动起立床3电动起立床3电动起立床3电动起立床3'),
(209, '多功能带便孔护理床3', '', 'images/product03.png', '多功能带便孔护理床3多功能带便孔护理床3多功能带便孔护理床3多功能带便孔护理床3多功能带便孔护理床3多功能带便孔护理床3多功能带便孔护理床3多功能带便孔护理床3', 17, '售后服务是：多功能带便孔护理床3多功能带便孔护理床3多功能带便孔护理床3多功能带便孔护理床3多功能带便孔护理床3多功能带便孔护理床3多功能带便孔护理床3多功能带便孔护理床3'),
(210, '很厉害的床2', '', 'images/product02.png', '很厉害的床2很厉害的床2很厉害的床2很厉害的床2很厉害的床2很厉害的床2很厉害的床2很厉害的床2', 16, '售后服务是：很厉害的床2很厉害的床2很厉害的床2很厉害的床2很厉害的床2很厉害的床2很厉害的床2很厉害的床2'),
(211, '电动升降床4', '', 'images/product04.png', '电动升降床4电动升降床4电动升降床4电动升降床4电动升降床4电动升降床4电动升降床4电动升降床4', 16, '售后服务是：电动升降床4电动升降床4电动升降床4电动升降床4电动升降床4电动升降床4电动升降床4电动升降床4'),
(212, '电动病床5', '', 'images/product02.png', '电动病床5电动病床5电动病床5电动病床5电动病床5电动病床5电动病床5电动病床5', 19, '售后服务是：电动病床5电动病床5电动病床5电动病床5电动病床5电动病床5电动病床5电动病床5'),
(213, '超级悬吊系统4', '', 'images/product03.png', '超级悬吊系统4超级悬吊系统4超级悬吊系统4超级悬吊系统4超级悬吊系统4超级悬吊系统4超级悬吊系统4超级悬吊系统4', 22, '售后服务是：超级悬吊系统4超级悬吊系统4超级悬吊系统4超级悬吊系统4超级悬吊系统4超级悬吊系统4超级悬吊系统4超级悬吊系统4'),
(214, '多功能带便孔护理床5', '', 'images/product/product-01.png', '多功能带便孔护理床5多功能带便孔护理床5多功能带便孔护理床5多功能带便孔护理床5多功能带便孔护理床5多功能带便孔护理床5多功能带便孔护理床5多功能带便孔护理床5', 17, '售后服务是：多功能带便孔护理床5多功能带便孔护理床5多功能带便孔护理床5多功能带便孔护理床5多功能带便孔护理床5多功能带便孔护理床5多功能带便孔护理床5多功能带便孔护理床5'),
(215, '电动升降床2', '', 'images/product/product-01.png', '电动升降床2电动升降床2电动升降床2电动升降床2电动升降床2电动升降床2电动升降床2电动升降床2', 20, '售后服务是：电动升降床2电动升降床2电动升降床2电动升降床2电动升降床2电动升降床2电动升降床2电动升降床2'),
(216, '超级悬吊系统2', '', 'images/product01.png', '超级悬吊系统2超级悬吊系统2超级悬吊系统2超级悬吊系统2超级悬吊系统2超级悬吊系统2超级悬吊系统2超级悬吊系统2', 22, '售后服务是：超级悬吊系统2超级悬吊系统2超级悬吊系统2超级悬吊系统2超级悬吊系统2超级悬吊系统2超级悬吊系统2超级悬吊系统2'),
(217, '电动病床2', '', 'images/product04.png', '电动病床2电动病床2电动病床2电动病床2电动病床2电动病床2电动病床2电动病床2', 19, '售后服务是：电动病床2电动病床2电动病床2电动病床2电动病床2电动病床2电动病床2电动病床2'),
(218, '电动起立床2', '', 'images/product/product-01.png', '电动起立床2电动起立床2电动起立床2电动起立床2电动起立床2电动起立床2电动起立床2电动起立床2', 17, '售后服务是：电动起立床2电动起立床2电动起立床2电动起立床2电动起立床2电动起立床2电动起立床2电动起立床2'),
(219, '电动升降床3', '', 'images/product02.png', '电动升降床3电动升降床3电动升降床3电动升降床3电动升降床3电动升降床3电动升降床3电动升降床3', 16, '售后服务是：电动升降床3电动升降床3电动升降床3电动升降床3电动升降床3电动升降床3电动升降床3电动升降床3'),
(220, '电动起立床2', '', 'images/product04.png', '电动起立床2电动起立床2电动起立床2电动起立床2电动起立床2电动起立床2电动起立床2电动起立床2', 21, '售后服务是：电动起立床2电动起立床2电动起立床2电动起立床2电动起立床2电动起立床2电动起立床2电动起立床2'),
(221, '超级悬吊系统4', '', 'images/product05.png', '超级悬吊系统4超级悬吊系统4超级悬吊系统4超级悬吊系统4超级悬吊系统4超级悬吊系统4超级悬吊系统4超级悬吊系统4', 21, '售后服务是：超级悬吊系统4超级悬吊系统4超级悬吊系统4超级悬吊系统4超级悬吊系统4超级悬吊系统4超级悬吊系统4超级悬吊系统4'),
(222, '很厉害的床2', '', 'images/product05.png', '很厉害的床2很厉害的床2很厉害的床2很厉害的床2很厉害的床2很厉害的床2很厉害的床2很厉害的床2', 22, '售后服务是：很厉害的床2很厉害的床2很厉害的床2很厉害的床2很厉害的床2很厉害的床2很厉害的床2很厉害的床2'),
(223, '电动起立床5', '', 'images/product03.png', '电动起立床5电动起立床5电动起立床5电动起立床5电动起立床5电动起立床5电动起立床5电动起立床5', 21, '售后服务是：电动起立床5电动起立床5电动起立床5电动起立床5电动起立床5电动起立床5电动起立床5电动起立床5'),
(224, '很厉害的床5', '', 'images/product01.png', '很厉害的床5很厉害的床5很厉害的床5很厉害的床5很厉害的床5很厉害的床5很厉害的床5很厉害的床5', 19, '售后服务是：很厉害的床5很厉害的床5很厉害的床5很厉害的床5很厉害的床5很厉害的床5很厉害的床5很厉害的床5'),
(225, '电动升降床3', '', 'images/product04.png', '电动升降床3电动升降床3电动升降床3电动升降床3电动升降床3电动升降床3电动升降床3电动升降床3', 21, '售后服务是：电动升降床3电动升降床3电动升降床3电动升降床3电动升降床3电动升降床3电动升降床3电动升降床3'),
(226, '多功能带便孔护理床5', '', 'images/product04.png', '多功能带便孔护理床5多功能带便孔护理床5多功能带便孔护理床5多功能带便孔护理床5多功能带便孔护理床5多功能带便孔护理床5多功能带便孔护理床5多功能带便孔护理床5', 16, '售后服务是：多功能带便孔护理床5多功能带便孔护理床5多功能带便孔护理床5多功能带便孔护理床5多功能带便孔护理床5多功能带便孔护理床5多功能带便孔护理床5多功能带便孔护理床5'),
(227, '超级悬吊系统2', '', 'images/product05.png', '超级悬吊系统2超级悬吊系统2超级悬吊系统2超级悬吊系统2超级悬吊系统2超级悬吊系统2超级悬吊系统2超级悬吊系统2', 18, '售后服务是：超级悬吊系统2超级悬吊系统2超级悬吊系统2超级悬吊系统2超级悬吊系统2超级悬吊系统2超级悬吊系统2超级悬吊系统2'),
(228, '很厉害的床2', '', 'images/product05.png', '很厉害的床2很厉害的床2很厉害的床2很厉害的床2很厉害的床2很厉害的床2很厉害的床2很厉害的床2', 19, '售后服务是：很厉害的床2很厉害的床2很厉害的床2很厉害的床2很厉害的床2很厉害的床2很厉害的床2很厉害的床2'),
(229, '电动病床3', '', 'images/product03.png', '电动病床3电动病床3电动病床3电动病床3电动病床3电动病床3电动病床3电动病床3', 19, '售后服务是：电动病床3电动病床3电动病床3电动病床3电动病床3电动病床3电动病床3电动病床3'),
(230, '电动升降床3', '', 'images/product05.png', '电动升降床3电动升降床3电动升降床3电动升降床3电动升降床3电动升降床3电动升降床3电动升降床3', 19, '售后服务是：电动升降床3电动升降床3电动升降床3电动升降床3电动升降床3电动升降床3电动升降床3电动升降床3'),
(231, '电动起立床4', '', 'images/product02.png', '电动起立床4电动起立床4电动起立床4电动起立床4电动起立床4电动起立床4电动起立床4电动起立床4', 17, '售后服务是：电动起立床4电动起立床4电动起立床4电动起立床4电动起立床4电动起立床4电动起立床4电动起立床4'),
(232, '电动病床4', '', 'images/product01.png', '电动病床4电动病床4电动病床4电动病床4电动病床4电动病床4电动病床4电动病床4', 17, '售后服务是：电动病床4电动病床4电动病床4电动病床4电动病床4电动病床4电动病床4电动病床4'),
(233, '多功能带便孔护理床5', '', 'images/product02.png', '多功能带便孔护理床5多功能带便孔护理床5多功能带便孔护理床5多功能带便孔护理床5多功能带便孔护理床5多功能带便孔护理床5多功能带便孔护理床5多功能带便孔护理床5', 21, '售后服务是：多功能带便孔护理床5多功能带便孔护理床5多功能带便孔护理床5多功能带便孔护理床5多功能带便孔护理床5多功能带便孔护理床5多功能带便孔护理床5多功能带便孔护理床5'),
(234, '很厉害的床0', '', 'images/product01.png', '很厉害的床0很厉害的床0很厉害的床0很厉害的床0很厉害的床0很厉害的床0很厉害的床0很厉害的床0', 16, '售后服务是：很厉害的床0很厉害的床0很厉害的床0很厉害的床0很厉害的床0很厉害的床0很厉害的床0很厉害的床0'),
(235, '超级悬吊系统2', '', 'images/product03.png', '超级悬吊系统2超级悬吊系统2超级悬吊系统2超级悬吊系统2超级悬吊系统2超级悬吊系统2超级悬吊系统2超级悬吊系统2', 21, '售后服务是：超级悬吊系统2超级悬吊系统2超级悬吊系统2超级悬吊系统2超级悬吊系统2超级悬吊系统2超级悬吊系统2超级悬吊系统2'),
(236, '电动升降床2', '', 'images/product/product-01.png', '电动升降床2电动升降床2电动升降床2电动升降床2电动升降床2电动升降床2电动升降床2电动升降床2', 16, '售后服务是：电动升降床2电动升降床2电动升降床2电动升降床2电动升降床2电动升降床2电动升降床2电动升降床2'),
(237, '多功能带便孔护理床5', '', 'images/product02.png', '多功能带便孔护理床5多功能带便孔护理床5多功能带便孔护理床5多功能带便孔护理床5多功能带便孔护理床5多功能带便孔护理床5多功能带便孔护理床5多功能带便孔护理床5', 17, '售后服务是：多功能带便孔护理床5多功能带便孔护理床5多功能带便孔护理床5多功能带便孔护理床5多功能带便孔护理床5多功能带便孔护理床5多功能带便孔护理床5多功能带便孔护理床5'),
(238, '超级悬吊系统5', '', 'images/product02.png', '超级悬吊系统5超级悬吊系统5超级悬吊系统5超级悬吊系统5超级悬吊系统5超级悬吊系统5超级悬吊系统5超级悬吊系统5', 16, '售后服务是：超级悬吊系统5超级悬吊系统5超级悬吊系统5超级悬吊系统5超级悬吊系统5超级悬吊系统5超级悬吊系统5超级悬吊系统5'),
(239, '电动起立床2', '', 'images/product03.png', '电动起立床2电动起立床2电动起立床2电动起立床2电动起立床2电动起立床2电动起立床2电动起立床2', 19, '售后服务是：电动起立床2电动起立床2电动起立床2电动起立床2电动起立床2电动起立床2电动起立床2电动起立床2'),
(240, '电动病床4', '', 'images/product02.png', '电动病床4电动病床4电动病床4电动病床4电动病床4电动病床4电动病床4电动病床4', 20, '售后服务是：电动病床4电动病床4电动病床4电动病床4电动病床4电动病床4电动病床4电动病床4'),
(241, '电动起立床2', '', 'images/product01.png', '电动起立床2电动起立床2电动起立床2电动起立床2电动起立床2电动起立床2电动起立床2电动起立床2', 19, '售后服务是：电动起立床2电动起立床2电动起立床2电动起立床2电动起立床2电动起立床2电动起立床2电动起立床2'),
(242, '很厉害的床5', '', 'images/product04.png', '很厉害的床5很厉害的床5很厉害的床5很厉害的床5很厉害的床5很厉害的床5很厉害的床5很厉害的床5', 21, '售后服务是：很厉害的床5很厉害的床5很厉害的床5很厉害的床5很厉害的床5很厉害的床5很厉害的床5很厉害的床5'),
(243, '电动起立床4', '', 'images/product02.png', '电动起立床4电动起立床4电动起立床4电动起立床4电动起立床4电动起立床4电动起立床4电动起立床4', 22, '售后服务是：电动起立床4电动起立床4电动起立床4电动起立床4电动起立床4电动起立床4电动起立床4电动起立床4'),
(244, '电动病床2', '', 'images/product/product-01.png', '电动病床2电动病床2电动病床2电动病床2电动病床2电动病床2电动病床2电动病床2', 17, '售后服务是：电动病床2电动病床2电动病床2电动病床2电动病床2电动病床2电动病床2电动病床2'),
(245, '超级悬吊系统2', '', 'images/product05.png', '超级悬吊系统2超级悬吊系统2超级悬吊系统2超级悬吊系统2超级悬吊系统2超级悬吊系统2超级悬吊系统2超级悬吊系统2', 21, '售后服务是：超级悬吊系统2超级悬吊系统2超级悬吊系统2超级悬吊系统2超级悬吊系统2超级悬吊系统2超级悬吊系统2超级悬吊系统2'),
(246, '电动起立床2', '', 'images/product01.png', '电动起立床2电动起立床2电动起立床2电动起立床2电动起立床2电动起立床2电动起立床2电动起立床2', 20, '售后服务是：电动起立床2电动起立床2电动起立床2电动起立床2电动起立床2电动起立床2电动起立床2电动起立床2'),
(247, '电动病床5', '', 'images/product05.png', '电动病床5电动病床5电动病床5电动病床5电动病床5电动病床5电动病床5电动病床5', 16, '售后服务是：电动病床5电动病床5电动病床5电动病床5电动病床5电动病床5电动病床5电动病床5'),
(248, '超级悬吊系统5', '', 'images/product/product-01.png', '超级悬吊系统5超级悬吊系统5超级悬吊系统5超级悬吊系统5超级悬吊系统5超级悬吊系统5超级悬吊系统5超级悬吊系统5', 21, '售后服务是：超级悬吊系统5超级悬吊系统5超级悬吊系统5超级悬吊系统5超级悬吊系统5超级悬吊系统5超级悬吊系统5超级悬吊系统5'),
(249, '电动起立床5', '', 'images/product01.png', '电动起立床5电动起立床5电动起立床5电动起立床5电动起立床5电动起立床5电动起立床5电动起立床5', 16, '售后服务是：电动起立床5电动起立床5电动起立床5电动起立床5电动起立床5电动起立床5电动起立床5电动起立床5'),
(250, '超级悬吊系统2', '', 'images/product03.png', '超级悬吊系统2超级悬吊系统2超级悬吊系统2超级悬吊系统2超级悬吊系统2超级悬吊系统2超级悬吊系统2超级悬吊系统2', 22, '售后服务是：超级悬吊系统2超级悬吊系统2超级悬吊系统2超级悬吊系统2超级悬吊系统2超级悬吊系统2超级悬吊系统2超级悬吊系统2'),
(251, '超级悬吊系统5', '', 'images/product04.png', '超级悬吊系统5超级悬吊系统5超级悬吊系统5超级悬吊系统5超级悬吊系统5超级悬吊系统5超级悬吊系统5超级悬吊系统5', 18, '售后服务是：超级悬吊系统5超级悬吊系统5超级悬吊系统5超级悬吊系统5超级悬吊系统5超级悬吊系统5超级悬吊系统5超级悬吊系统5'),
(252, '很厉害的床3', '', 'images/product05.png', '很厉害的床3很厉害的床3很厉害的床3很厉害的床3很厉害的床3很厉害的床3很厉害的床3很厉害的床3', 22, '售后服务是：很厉害的床3很厉害的床3很厉害的床3很厉害的床3很厉害的床3很厉害的床3很厉害的床3很厉害的床3'),
(253, '电动病床5', '', 'images/product04.png', '电动病床5电动病床5电动病床5电动病床5电动病床5电动病床5电动病床5电动病床5', 18, '售后服务是：电动病床5电动病床5电动病床5电动病床5电动病床5电动病床5电动病床5电动病床5'),
(254, '电动病床2', '', 'images/product04.png', '电动病床2电动病床2电动病床2电动病床2电动病床2电动病床2电动病床2电动病床2', 20, '售后服务是：电动病床2电动病床2电动病床2电动病床2电动病床2电动病床2电动病床2电动病床2'),
(255, '多功能带便孔护理床3', '', 'images/product05.png', '多功能带便孔护理床3多功能带便孔护理床3多功能带便孔护理床3多功能带便孔护理床3多功能带便孔护理床3多功能带便孔护理床3多功能带便孔护理床3多功能带便孔护理床3', 22, '售后服务是：多功能带便孔护理床3多功能带便孔护理床3多功能带便孔护理床3多功能带便孔护理床3多功能带便孔护理床3多功能带便孔护理床3多功能带便孔护理床3多功能带便孔护理床3'),
(256, '很厉害的床4', '', 'images/product04.png', '很厉害的床4很厉害的床4很厉害的床4很厉害的床4很厉害的床4很厉害的床4很厉害的床4很厉害的床4', 17, '售后服务是：很厉害的床4很厉害的床4很厉害的床4很厉害的床4很厉害的床4很厉害的床4很厉害的床4很厉害的床4'),
(257, '电动病床2', '', 'images/product/product-01.png', '电动病床2电动病床2电动病床2电动病床2电动病床2电动病床2电动病床2电动病床2', 16, '售后服务是：电动病床2电动病床2电动病床2电动病床2电动病床2电动病床2电动病床2电动病床2'),
(258, '电动升降床4', '', 'images/product/product-01.png', '电动升降床4电动升降床4电动升降床4电动升降床4电动升降床4电动升降床4电动升降床4电动升降床4', 21, '售后服务是：电动升降床4电动升降床4电动升降床4电动升降床4电动升降床4电动升降床4电动升降床4电动升降床4'),
(259, '超级悬吊系统4', '', 'images/product04.png', '超级悬吊系统4超级悬吊系统4超级悬吊系统4超级悬吊系统4超级悬吊系统4超级悬吊系统4超级悬吊系统4超级悬吊系统4', 20, '售后服务是：超级悬吊系统4超级悬吊系统4超级悬吊系统4超级悬吊系统4超级悬吊系统4超级悬吊系统4超级悬吊系统4超级悬吊系统4'),
(260, '电动起立床2', '', 'images/product/product-01.png', '电动起立床2电动起立床2电动起立床2电动起立床2电动起立床2电动起立床2电动起立床2电动起立床2', 20, '售后服务是：电动起立床2电动起立床2电动起立床2电动起立床2电动起立床2电动起立床2电动起立床2电动起立床2'),
(261, '电动起立床2', '', 'images/product02.png', '电动起立床2电动起立床2电动起立床2电动起立床2电动起立床2电动起立床2电动起立床2电动起立床2', 21, '售后服务是：电动起立床2电动起立床2电动起立床2电动起立床2电动起立床2电动起立床2电动起立床2电动起立床2'),
(262, '电动升降床3', '', 'images/product02.png', '电动升降床3电动升降床3电动升降床3电动升降床3电动升降床3电动升降床3电动升降床3电动升降床3', 19, '售后服务是：电动升降床3电动升降床3电动升降床3电动升降床3电动升降床3电动升降床3电动升降床3电动升降床3'),
(263, '电动病床3', '', 'images/product01.png', '电动病床3电动病床3电动病床3电动病床3电动病床3电动病床3电动病床3电动病床3', 22, '售后服务是：电动病床3电动病床3电动病床3电动病床3电动病床3电动病床3电动病床3电动病床3'),
(264, '电动起立床3', '', 'images/product02.png', '电动起立床3电动起立床3电动起立床3电动起立床3电动起立床3电动起立床3电动起立床3电动起立床3', 22, '售后服务是：电动起立床3电动起立床3电动起立床3电动起立床3电动起立床3电动起立床3电动起立床3电动起立床3'),
(265, '电动病床2', '', 'images/product/product-01.png', '电动病床2电动病床2电动病床2电动病床2电动病床2电动病床2电动病床2电动病床2', 20, '售后服务是：电动病床2电动病床2电动病床2电动病床2电动病床2电动病床2电动病床2电动病床2'),
(266, '电动升降床4', '', 'images/product01.png', '电动升降床4电动升降床4电动升降床4电动升降床4电动升降床4电动升降床4电动升降床4电动升降床4', 17, '售后服务是：电动升降床4电动升降床4电动升降床4电动升降床4电动升降床4电动升降床4电动升降床4电动升降床4'),
(267, '电动起立床2', '', 'images/product05.png', '电动起立床2电动起立床2电动起立床2电动起立床2电动起立床2电动起立床2电动起立床2电动起立床2', 16, '售后服务是：电动起立床2电动起立床2电动起立床2电动起立床2电动起立床2电动起立床2电动起立床2电动起立床2'),
(268, '电动病床4', '', 'images/product05.png', '电动病床4电动病床4电动病床4电动病床4电动病床4电动病床4电动病床4电动病床4', 19, '售后服务是：电动病床4电动病床4电动病床4电动病床4电动病床4电动病床4电动病床4电动病床4'),
(269, '多功能带便孔护理床2', '', 'images/product02.png', '多功能带便孔护理床2多功能带便孔护理床2多功能带便孔护理床2多功能带便孔护理床2多功能带便孔护理床2多功能带便孔护理床2多功能带便孔护理床2多功能带便孔护理床2', 18, '售后服务是：多功能带便孔护理床2多功能带便孔护理床2多功能带便孔护理床2多功能带便孔护理床2多功能带便孔护理床2多功能带便孔护理床2多功能带便孔护理床2多功能带便孔护理床2'),
(270, '电动升降床5', '', 'images/product04.png', '电动升降床5电动升降床5电动升降床5电动升降床5电动升降床5电动升降床5电动升降床5电动升降床5', 19, '售后服务是：电动升降床5电动升降床5电动升降床5电动升降床5电动升降床5电动升降床5电动升降床5电动升降床5'),
(271, '超级悬吊系统4', '', 'images/product01.png', '超级悬吊系统4超级悬吊系统4超级悬吊系统4超级悬吊系统4超级悬吊系统4超级悬吊系统4超级悬吊系统4超级悬吊系统4', 22, '售后服务是：超级悬吊系统4超级悬吊系统4超级悬吊系统4超级悬吊系统4超级悬吊系统4超级悬吊系统4超级悬吊系统4超级悬吊系统4'),
(272, '很厉害的床5', '', 'images/product02.png', '很厉害的床5很厉害的床5很厉害的床5很厉害的床5很厉害的床5很厉害的床5很厉害的床5很厉害的床5', 17, '售后服务是：很厉害的床5很厉害的床5很厉害的床5很厉害的床5很厉害的床5很厉害的床5很厉害的床5很厉害的床5'),
(273, '多功能带便孔护理床5', '', 'images/product02.png', '多功能带便孔护理床5多功能带便孔护理床5多功能带便孔护理床5多功能带便孔护理床5多功能带便孔护理床5多功能带便孔护理床5多功能带便孔护理床5多功能带便孔护理床5', 22, '售后服务是：多功能带便孔护理床5多功能带便孔护理床5多功能带便孔护理床5多功能带便孔护理床5多功能带便孔护理床5多功能带便孔护理床5多功能带便孔护理床5多功能带便孔护理床5'),
(274, '电动病床2', '', 'images/product05.png', '电动病床2电动病床2电动病床2电动病床2电动病床2电动病床2电动病床2电动病床2', 17, '售后服务是：电动病床2电动病床2电动病床2电动病床2电动病床2电动病床2电动病床2电动病床2'),
(275, '超级悬吊系统3', '', 'images/product03.png', '超级悬吊系统3超级悬吊系统3超级悬吊系统3超级悬吊系统3超级悬吊系统3超级悬吊系统3超级悬吊系统3超级悬吊系统3', 16, '售后服务是：超级悬吊系统3超级悬吊系统3超级悬吊系统3超级悬吊系统3超级悬吊系统3超级悬吊系统3超级悬吊系统3超级悬吊系统3'),
(276, '很厉害的床2', '', 'images/product/product-01.png', '很厉害的床2很厉害的床2很厉害的床2很厉害的床2很厉害的床2很厉害的床2很厉害的床2很厉害的床2', 19, '售后服务是：很厉害的床2很厉害的床2很厉害的床2很厉害的床2很厉害的床2很厉害的床2很厉害的床2很厉害的床2'),
(277, '超级悬吊系统2', '', 'images/product/product-01.png', '超级悬吊系统2超级悬吊系统2超级悬吊系统2超级悬吊系统2超级悬吊系统2超级悬吊系统2超级悬吊系统2超级悬吊系统2', 20, '售后服务是：超级悬吊系统2超级悬吊系统2超级悬吊系统2超级悬吊系统2超级悬吊系统2超级悬吊系统2超级悬吊系统2超级悬吊系统2'),
(278, '电动病床2', '', 'images/product04.png', '电动病床2电动病床2电动病床2电动病床2电动病床2电动病床2电动病床2电动病床2', 22, '售后服务是：电动病床2电动病床2电动病床2电动病床2电动病床2电动病床2电动病床2电动病床2'),
(279, '多功能带便孔护理床3', '', 'images/product02.png', '多功能带便孔护理床3多功能带便孔护理床3多功能带便孔护理床3多功能带便孔护理床3多功能带便孔护理床3多功能带便孔护理床3多功能带便孔护理床3多功能带便孔护理床3', 21, '售后服务是：多功能带便孔护理床3多功能带便孔护理床3多功能带便孔护理床3多功能带便孔护理床3多功能带便孔护理床3多功能带便孔护理床3多功能带便孔护理床3多功能带便孔护理床3'),
(280, '电动起立床3', '', 'images/product/product-01.png', '电动起立床3电动起立床3电动起立床3电动起立床3电动起立床3电动起立床3电动起立床3电动起立床3', 20, '售后服务是：电动起立床3电动起立床3电动起立床3电动起立床3电动起立床3电动起立床3电动起立床3电动起立床3'),
(281, '多功能带便孔护理床4', '', 'images/product/product-01.png', '多功能带便孔护理床4多功能带便孔护理床4多功能带便孔护理床4多功能带便孔护理床4多功能带便孔护理床4多功能带便孔护理床4多功能带便孔护理床4多功能带便孔护理床4', 20, '售后服务是：多功能带便孔护理床4多功能带便孔护理床4多功能带便孔护理床4多功能带便孔护理床4多功能带便孔护理床4多功能带便孔护理床4多功能带便孔护理床4多功能带便孔护理床4'),
(282, '多功能带便孔护理床4', '', 'images/product/product-01.png', '多功能带便孔护理床4多功能带便孔护理床4多功能带便孔护理床4多功能带便孔护理床4多功能带便孔护理床4多功能带便孔护理床4多功能带便孔护理床4多功能带便孔护理床4', 18, '售后服务是：多功能带便孔护理床4多功能带便孔护理床4多功能带便孔护理床4多功能带便孔护理床4多功能带便孔护理床4多功能带便孔护理床4多功能带便孔护理床4多功能带便孔护理床4'),
(283, '很厉害的床5', '', 'images/product01.png', '很厉害的床5很厉害的床5很厉害的床5很厉害的床5很厉害的床5很厉害的床5很厉害的床5很厉害的床5', 21, '售后服务是：很厉害的床5很厉害的床5很厉害的床5很厉害的床5很厉害的床5很厉害的床5很厉害的床5很厉害的床5'),
(284, '电动起立床5', '', 'images/product03.png', '电动起立床5电动起立床5电动起立床5电动起立床5电动起立床5电动起立床5电动起立床5电动起立床5', 21, '售后服务是：电动起立床5电动起立床5电动起立床5电动起立床5电动起立床5电动起立床5电动起立床5电动起立床5'),
(285, '很厉害的床4', '', 'images/product05.png', '很厉害的床4很厉害的床4很厉害的床4很厉害的床4很厉害的床4很厉害的床4很厉害的床4很厉害的床4', 20, '售后服务是：很厉害的床4很厉害的床4很厉害的床4很厉害的床4很厉害的床4很厉害的床4很厉害的床4很厉害的床4'),
(286, '电动升降床3', '', 'images/product03.png', '电动升降床3电动升降床3电动升降床3电动升降床3电动升降床3电动升降床3电动升降床3电动升降床3', 17, '售后服务是：电动升降床3电动升降床3电动升降床3电动升降床3电动升降床3电动升降床3电动升降床3电动升降床3'),
(287, '电动升降床2', '', 'images/product03.png', '电动升降床2电动升降床2电动升降床2电动升降床2电动升降床2电动升降床2电动升降床2电动升降床2', 22, '售后服务是：电动升降床2电动升降床2电动升降床2电动升降床2电动升降床2电动升降床2电动升降床2电动升降床2'),
(288, '电动升降床5', '', 'images/product04.png', '电动升降床5电动升降床5电动升降床5电动升降床5电动升降床5电动升降床5电动升降床5电动升降床5', 17, '售后服务是：电动升降床5电动升降床5电动升降床5电动升降床5电动升降床5电动升降床5电动升降床5电动升降床5'),
(289, '电动病床5', '', 'images/product03.png', '电动病床5电动病床5电动病床5电动病床5电动病床5电动病床5电动病床5电动病床5', 21, '售后服务是：电动病床5电动病床5电动病床5电动病床5电动病床5电动病床5电动病床5电动病床5'),
(290, '多功能带便孔护理床4', '', 'images/product04.png', '多功能带便孔护理床4多功能带便孔护理床4多功能带便孔护理床4多功能带便孔护理床4多功能带便孔护理床4多功能带便孔护理床4多功能带便孔护理床4多功能带便孔护理床4', 20, '售后服务是：多功能带便孔护理床4多功能带便孔护理床4多功能带便孔护理床4多功能带便孔护理床4多功能带便孔护理床4多功能带便孔护理床4多功能带便孔护理床4多功能带便孔护理床4'),
(291, '很厉害的床4', '', 'images/product03.png', '很厉害的床4很厉害的床4很厉害的床4很厉害的床4很厉害的床4很厉害的床4很厉害的床4很厉害的床4', 16, '售后服务是：很厉害的床4很厉害的床4很厉害的床4很厉害的床4很厉害的床4很厉害的床4很厉害的床4很厉害的床4'),
(292, '电动起立床5', '', 'images/product04.png', '电动起立床5电动起立床5电动起立床5电动起立床5电动起立床5电动起立床5电动起立床5电动起立床5', 19, '售后服务是：电动起立床5电动起立床5电动起立床5电动起立床5电动起立床5电动起立床5电动起立床5电动起立床5'),
(293, '超级悬吊系统5', '', 'images/product/product-01.png', '超级悬吊系统5超级悬吊系统5超级悬吊系统5超级悬吊系统5超级悬吊系统5超级悬吊系统5超级悬吊系统5超级悬吊系统5', 19, '售后服务是：超级悬吊系统5超级悬吊系统5超级悬吊系统5超级悬吊系统5超级悬吊系统5超级悬吊系统5超级悬吊系统5超级悬吊系统5'),
(294, '多功能带便孔护理床5', '', 'images/product02.png', '多功能带便孔护理床5多功能带便孔护理床5多功能带便孔护理床5多功能带便孔护理床5多功能带便孔护理床5多功能带便孔护理床5多功能带便孔护理床5多功能带便孔护理床5', 16, '售后服务是：多功能带便孔护理床5多功能带便孔护理床5多功能带便孔护理床5多功能带便孔护理床5多功能带便孔护理床5多功能带便孔护理床5多功能带便孔护理床5多功能带便孔护理床5');
INSERT INTO `product` (`p_id`, `title`, `content`, `img_url`, `product_info`, `tag_id`, `saleservice`) VALUES
(295, '很厉害的床5', '               <img src="images/product/product-01/product01-00.png"/>               <img src="images/product/product-01/product01-01.png"/>               <img src="images/product/product-01/product01-02.png"/>               <img src="images/product/product-01/product01-03.png"/>', 'images/product04.png', '很厉害的床5很厉害的床5很厉害的床5很厉害的床5很厉害的床5很厉害的床5很厉害的床5很厉害的床5', 16, '售后服务是：很厉害的床5很厉害的床5很厉害的床5很厉害的床5很厉害的床5很厉害的床5很厉害的床5很厉害的床5'),
(296, '电动病床2', '', 'images/product04.png', '电动病床2电动病床2电动病床2电动病床2电动病床2电动病床2电动病床2电动病床2', 21, '售后服务是：电动病床2电动病床2电动病床2电动病床2电动病床2电动病床2电动病床2电动病床2'),
(297, '电动起立床4', '', 'images/product/product-01.png', '电动起立床4电动起立床4电动起立床4电动起立床4电动起立床4电动起立床4电动起立床4电动起立床4', 20, '售后服务是：电动起立床4电动起立床4电动起立床4电动起立床4电动起立床4电动起立床4电动起立床4电动起立床4'),
(298, '超级悬吊系统2', '', 'images/product01.png', '超级悬吊系统2超级悬吊系统2超级悬吊系统2超级悬吊系统2超级悬吊系统2超级悬吊系统2超级悬吊系统2超级悬吊系统2', 20, '售后服务是：超级悬吊系统2超级悬吊系统2超级悬吊系统2超级悬吊系统2超级悬吊系统2超级悬吊系统2超级悬吊系统2超级悬吊系统2');

-- --------------------------------------------------------

--
-- 表的结构 `product_feature`
--

CREATE TABLE IF NOT EXISTS `product_feature` (
  `f_id` int(20) NOT NULL,
  `product_id` int(20) NOT NULL,
  `title` varchar(50) NOT NULL
) ENGINE=InnoDB AUTO_INCREMENT=5 DEFAULT CHARSET=utf8 COMMENT='产品特点';

--
-- 转存表中的数据 `product_feature`
--

INSERT INTO `product_feature` (`f_id`, `product_id`, `title`) VALUES
(1, 295, 'CARE MOTION背膝联动功能（Callisto）（世界独创）'),
(2, 295, '分体式护栏方便护理'),
(3, 295, '德国TENTE脚轮系统'),
(4, 295, '全进口专用医用马达（CALLISTO)');

-- --------------------------------------------------------

--
-- 表的结构 `product_parameter`
--

CREATE TABLE IF NOT EXISTS `product_parameter` (
  `para_id` int(20) NOT NULL,
  `product_id` int(20) NOT NULL,
  `title` varchar(50) NOT NULL,
  `info` varchar(50) NOT NULL
) ENGINE=InnoDB AUTO_INCREMENT=6 DEFAULT CHARSET=utf8 COMMENT='产品参数';

--
-- 转存表中的数据 `product_parameter`
--

INSERT INTO `product_parameter` (`para_id`, `product_id`, `title`, `info`) VALUES
(1, 295, '产品名称', '钢制手动轮椅FS896X-46'),
(2, 295, '规格型号', '1台/箱'),
(3, 295, '生产厂家', '蚌埠市旭阳医疗动漫有限公司'),
(4, 295, '注册证号', '粤食药监械（准）字2014第2560753号'),
(5, 295, '包装清单', '原厂产品、配件齐全');

-- --------------------------------------------------------

--
-- 表的结构 `recruit`
--

CREATE TABLE IF NOT EXISTS `recruit` (
  `r_id` int(20) NOT NULL,
  `job_info` varchar(40) NOT NULL
) ENGINE=InnoDB AUTO_INCREMENT=6 DEFAULT CHARSET=utf8;

--
-- 转存表中的数据 `recruit`
--

INSERT INTO `recruit` (`r_id`, `job_info`) VALUES
(1, '【广州】创意文案经理'),
(2, '【北京】电商咨询总监/经理'),
(3, '【北京】电商运用 CTO'),
(4, '【上海】电商设计师'),
(5, '【北京】包装设计师');

-- --------------------------------------------------------

--
-- 表的结构 `recruit_info`
--

CREATE TABLE IF NOT EXISTS `recruit_info` (
  `riid` int(20) NOT NULL,
  `rinfo_title` varchar(30) NOT NULL,
  `rinfo_content` text NOT NULL
) ENGINE=InnoDB AUTO_INCREMENT=6 DEFAULT CHARSET=utf8;

--
-- 转存表中的数据 `recruit_info`
--

INSERT INTO `recruit_info` (`riid`, `rinfo_title`, `rinfo_content`) VALUES
(1, '1、报名时间', '2013年9月10日-2013年9月30日'),
(2, '2、报名方式', '本公告刊登在蚌埠市旭阳医疗动漫科技有限公司网站，应聘者可登陆网站进行报名。<br>\r\n联系人：郭先生；联系电话：（020）12345678<br>\r\nhttp://career.xuyangyiliao.com.cn/gcgs02/UserLogin.aspx'),
(3, '3、报名要求', '参加笔试时提供以下材料：身份证、学历／学位证、职业资格证书等相关资料的原件及复印件。'),
(4, '4、招聘程序', '报名-资格初审-笔试-面试-发录取函-试用-正式录用。'),
(5, '5、说明', '（1）我们承诺为应聘人员保密所有信息资料；<br>\n（2）应聘人员应对提交材料的真实性负责，凡弄虚作假者，一经查实，取消应聘资格；<br>\n（3）以上条款由蚌埠市旭阳医疗动漫科技有限公司人力资源部负责解释。');

-- --------------------------------------------------------

--
-- 表的结构 `user`
--

CREATE TABLE IF NOT EXISTS `user` (
  `uid` int(20) unsigned NOT NULL,
  `phone` varchar(20) NOT NULL,
  `password` varchar(36) NOT NULL,
  `email` varchar(36) NOT NULL
) ENGINE=InnoDB AUTO_INCREMENT=3 DEFAULT CHARSET=utf8;

--
-- 转存表中的数据 `user`
--

INSERT INTO `user` (`uid`, `phone`, `password`, `email`) VALUES
(2, '13138653654', '6096981a0eb661dbac095431e303fd99', '893495453@qq.com');

-- --------------------------------------------------------

--
-- 表的结构 `user_dr`
--

CREATE TABLE IF NOT EXISTS `user_dr` (
  `uid` int(20) unsigned NOT NULL,
  `phone` varchar(20) NOT NULL,
  `password` varchar(36) NOT NULL,
  `realname` varchar(36) DEFAULT NULL,
  `email` varchar(36) NOT NULL,
  `hospital` varchar(50) DEFAULT NULL,
  `depa` varchar(50) DEFAULT NULL,
  `job` varchar(30) DEFAULT NULL,
  `depa_phone` varchar(20) DEFAULT NULL,
  `more_info` text,
  `invi` varchar(20) DEFAULT NULL
) ENGINE=InnoDB DEFAULT CHARSET=utf8;

--
-- Indexes for dumped tables
--

--
-- Indexes for table `carousel`
--
ALTER TABLE `carousel`
  ADD PRIMARY KEY (`c_id`);

--
-- Indexes for table `contact`
--
ALTER TABLE `contact`
  ADD PRIMARY KEY (`c_id`);

--
-- Indexes for table `nav`
--
ALTER TABLE `nav`
  ADD PRIMARY KEY (`n_id`);

--
-- Indexes for table `news`
--
ALTER TABLE `news`
  ADD PRIMARY KEY (`nid`);

--
-- Indexes for table `news_type`
--
ALTER TABLE `news_type`
  ADD PRIMARY KEY (`ntid`);

--
-- Indexes for table `product`
--
ALTER TABLE `product`
  ADD PRIMARY KEY (`p_id`);

--
-- Indexes for table `product_feature`
--
ALTER TABLE `product_feature`
  ADD PRIMARY KEY (`f_id`);

--
-- Indexes for table `product_parameter`
--
ALTER TABLE `product_parameter`
  ADD PRIMARY KEY (`para_id`);

--
-- Indexes for table `recruit`
--
ALTER TABLE `recruit`
  ADD PRIMARY KEY (`r_id`);

--
-- Indexes for table `recruit_info`
--
ALTER TABLE `recruit_info`
  ADD PRIMARY KEY (`riid`);

--
-- Indexes for table `user`
--
ALTER TABLE `user`
  ADD PRIMARY KEY (`uid`);

--
-- AUTO_INCREMENT for dumped tables
--

--
-- AUTO_INCREMENT for table `carousel`
--
ALTER TABLE `carousel`
  MODIFY `c_id` int(20) NOT NULL AUTO_INCREMENT,AUTO_INCREMENT=9;
--
-- AUTO_INCREMENT for table `contact`
--
ALTER TABLE `contact`
  MODIFY `c_id` int(20) NOT NULL AUTO_INCREMENT,AUTO_INCREMENT=5;
--
-- AUTO_INCREMENT for table `nav`
--
ALTER TABLE `nav`
  MODIFY `n_id` int(20) NOT NULL AUTO_INCREMENT,AUTO_INCREMENT=27;
--
-- AUTO_INCREMENT for table `news`
--
ALTER TABLE `news`
  MODIFY `nid` int(20) unsigned NOT NULL AUTO_INCREMENT,AUTO_INCREMENT=15;
--
-- AUTO_INCREMENT for table `news_type`
--
ALTER TABLE `news_type`
  MODIFY `ntid` int(20) unsigned NOT NULL AUTO_INCREMENT,AUTO_INCREMENT=20;
--
-- AUTO_INCREMENT for table `product`
--
ALTER TABLE `product`
  MODIFY `p_id` int(20) NOT NULL AUTO_INCREMENT,AUTO_INCREMENT=299;
--
-- AUTO_INCREMENT for table `product_feature`
--
ALTER TABLE `product_feature`
  MODIFY `f_id` int(20) NOT NULL AUTO_INCREMENT,AUTO_INCREMENT=5;
--
-- AUTO_INCREMENT for table `product_parameter`
--
ALTER TABLE `product_parameter`
  MODIFY `para_id` int(20) NOT NULL AUTO_INCREMENT,AUTO_INCREMENT=6;
--
-- AUTO_INCREMENT for table `recruit`
--
ALTER TABLE `recruit`
  MODIFY `r_id` int(20) NOT NULL AUTO_INCREMENT,AUTO_INCREMENT=6;
--
-- AUTO_INCREMENT for table `recruit_info`
--
ALTER TABLE `recruit_info`
  MODIFY `riid` int(20) NOT NULL AUTO_INCREMENT,AUTO_INCREMENT=6;
--
-- AUTO_INCREMENT for table `user`
--
ALTER TABLE `user`
  MODIFY `uid` int(20) unsigned NOT NULL AUTO_INCREMENT,AUTO_INCREMENT=3;
/*!40101 SET CHARACTER_SET_CLIENT=@OLD_CHARACTER_SET_CLIENT */;
/*!40101 SET CHARACTER_SET_RESULTS=@OLD_CHARACTER_SET_RESULTS */;
/*!40101 SET COLLATION_CONNECTION=@OLD_COLLATION_CONNECTION */;
